gene,probe,log2FC,fold_change,p_value,p_adj,status
AGER,210081_at,-4.4174695309929675,0.04679604675762924,1.1500337265148704e-39,2.847355725325651e-36,Down
SPP1,209875_s_at,4.364415124273043,20.59775394763697,8.06638811477672e-39,1.1982888424104644e-35,Up
FABP4,203980_at,-3.83854131283955,0.06990108634424681,1.9638642532561494e-37,1.6831071982810298e-34,Down
CYP4B1,210096_at,-3.709796398905344,0.07642580222616742,4.493787466207068e-25,4.021488598774783e-23,Down
WIF1,204712_at,-3.6867095054025345,0.07765865303511636,6.041175257646527e-25,5.217655359152618e-23,Down
TMEM100,219230_at,-3.570312733105556,0.08418384803742994,8.539434094800653e-29,1.268561399562953e-26,Down
FCN3,205866_at,-3.503098881885994,0.08819869489374225,1.2313549815284558e-31,2.888240321410377e-29,Down
CLDN18,214135_at,-3.446411652246656,0.09173323626001055,1.5810174794680909e-31,3.631939432472935e-29,Down
FAM107A,209074_s_at,-3.3717985706576377,0.09660230539580879,6.564350549929972e-44,1.4627342330408957e-39,Down
ADH1B,209612_s_at,-3.346904757887054,0.09828364967562167,2.5225429191541457e-29,4.226302546429461e-27,Down
CLIC5,213317_at,-3.0835513684936666,0.11796645941306214,2.3191799510735222e-30,4.416947593997547e-28,Down
SFTPC,38691_s_at,-2.9895492505450356,0.1259087760106821,3.720592527745259e-18,1.2138501214604334e-16,Down
ABCA8,204719_at,-2.959909688067558,0.12852227350528594,5.548815764604042e-37,3.988524570408769e-34,Down
TNNC1,209904_at,-2.8979773258715715,0.13415964430376118,1.0299253696616749e-30,2.0490916975152767e-28,Down
MMP1,204475_at,2.862035576037652,7.2704042134028395,7.193243289328505e-16,1.6492797805010042e-14,Up
GPM6A,209470_s_at,-2.8358372182952145,0.14006445459040642,2.4698791624067625e-38,2.839997982149761e-35,Down
SPINK1,206239_s_at,2.7583995175429328,6.766451835604432,2.221420354772832e-12,2.9587513308668866e-11,Up
SCGB1A1,205725_at,-2.7574229385608717,0.14788801670911594,1.2091706154937866e-10,1.205545808726982e-09,Down
SFTPD,214199_at,-2.7166264973874004,0.1521296749302691,5.286664266953993e-23,3.3754366722216573e-21,Down
UPK3B,206658_at,-2.706312487959183,0.15322116618489978,1.5347365371788066e-29,2.6717604889027615e-27,Down
ADIRF,203571_s_at,-2.7054627631871915,0.15331143763242494,2.6132020290007694e-30,4.893275698506231e-28,Down
CDH5,204677_at,-2.6195733631481346,0.16271584349204815,2.5719590174170307e-40,9.551827130850617e-37,Down
HBB,211696_x_at,-2.576989371646027,0.16759030858307508,2.812122033367924e-23,1.881757215301425e-21,Down
FHL1,201540_at,-2.5550411671062605,0.1701594090176256,1.564905471588673e-37,1.3948315449364159e-34,Down
CA4,206209_s_at,-2.5535084962142793,0.1703402767315923,1.2498740297296509e-40,6.50845238524862e-37,Down
MT1M,217546_at,-2.5505701211766416,0.1706875668129357,1.2737797792788928e-23,8.84225383852697e-22,Down
GREM1,218469_at,2.5483627357438454,5.849700394546845,4.118674200550826e-24,3.1216468439072804e-22,Up
TCF21,204931_at,-2.5300979095573535,0.1731269337287977,3.8485139709106694e-39,6.596648985677111e-36,Down
FMO2,211726_s_at,-2.4680745640394086,0.1807321956404704,2.553950895980525e-27,3.2152365997250867e-25,Down
CAV2,203323_at,-2.4641038047723427,0.181230313759855,4.3840424018647804e-29,6.879550481743162e-27,Down
TOP2A,201292_at,2.455962939010206,5.486792203880148,1.3537345888775757e-25,1.3406785708426232e-23,Up
TGFBR3,204731_at,-2.4222016803198487,0.18657121452557857,1.2691693883468474e-35,7.251513200136616e-33,Down
CAV1,212097_at,-2.4203037538937426,0.18681681837550723,1.1475133784454363e-32,2.973260536267402e-30,Down
CD36,209555_s_at,-2.4169837326481334,0.18724722812890027,2.3363217659095655e-41,2.6030128954881423e-37,Down
LPL,203549_s_at,-2.3892575675598096,0.19088060586304068,6.917393196836098e-28,9.398797110066999e-26,Down
MMP12,204580_at,2.3773245891062675,5.195723254934251,6.022627908363871e-20,2.5870633533162366e-18,Up
MARCO,205819_at,-2.344173271985217,0.19693981703139182,1.285492747565837e-21,6.844755097198382e-20,Down
COL1A1,202310_s_at,2.328321875919773,5.022208331919165,1.1293091294566032e-18,4.0070693203314476e-17,Up
TOX3,216623_x_at,2.3113160030190008,4.963356228487855,7.414573417671079e-19,2.6996558736268734e-17,Up
SOSTDC1,213456_at,-2.292405263329348,0.20413489677390276,1.515868094368513e-25,1.488021530696633e-23,Down
CEACAM5,201884_at,2.285406718824767,4.875015205813335,3.92272817797839e-12,5.014925530114312e-11,Up
CP,204846_at,2.2840914653958455,4.870572854220743,8.970736078297655e-22,4.899385098840849e-20,Up
AQP4,210068_s_at,-2.265630961717454,0.2079587131813679,2.835847320318445e-22,1.676158775561165e-20,Down
PGC,205261_at,-2.262241687481348,0.20844783780782067,2.1576353808686334e-20,9.85216991637208e-19,Down
PDZD2,209493_at,-2.259843599432089,0.20879461376462935,2.91924406152112e-29,4.78305260462317e-27,Down
SDPR,218711_s_at,-2.2591125681185797,0.20890043937161937,3.738315236929436e-26,4.0437319623543024e-24,Down
ZBTB16,205883_at,-2.2585291583163256,0.2089849334651386,3.070034097321242e-25,2.8743516718743374e-23,Down
VWF,202112_at,-2.2584735086171666,0.20899299488675085,8.46594443927755e-38,8.574847270019165e-35,Down
FOSB,202768_at,-2.252872714274103,0.2098059191625931,4.843851334981348e-14,8.412746632688182e-13,Down
DLC1,210762_s_at,-2.245401959052078,0.21089518190886075,4.091036394262378e-26,4.382719421795604e-24,Down
RGCC,218723_s_at,-2.243364731924002,0.21119319698781935,2.068934178209397e-31,4.6925748314487227e-29,Down
FOXF1,205935_at,-2.2280578829806457,0.2134458646737977,2.92630327377554e-37,2.41506725368668e-34,Down
EDNRB,204271_s_at,-2.2274919115763563,0.2135296162299395,1.4604075719715973e-40,6.50845238524862e-37,Down
LAMP3,205569_at,-2.225596649834623,0.21381031342510393,2.339753206218316e-22,1.397767310835462e-20,Down
GPM6B,209170_s_at,-2.224538225279029,0.21396723163195971,2.367066550687323e-33,8.37227681729613e-31,Down
KLF4,221841_s_at,-2.2198551445151278,0.2146629115084082,1.0325900680813487e-25,1.0554680957365456e-23,Down
HMGB3,203744_at,2.21619725443737,4.646670206562279,1.2508443119942316e-26,1.444174290371371e-24,Up
LDB2,206481_s_at,-2.2117825543406067,0.21586742312823556,4.182349060177698e-37,3.2136304864806775e-34,Down
DUOX1,219597_s_at,-2.176523477041168,0.22120816194401383,6.298872774499454e-38,6.683703906389112e-35,Down
S100P,204351_at,2.166516626906759,4.48938127493731,3.498383950700706e-10,3.205365525224664e-09,Up
CFD,205382_s_at,-2.158523232560169,0.22398542575843913,1.4687964518551552e-27,1.8809880078556565e-25,Down
CPB2,206651_s_at,-2.139653671284311,0.22693425939696898,4.628170111763011e-25,4.108745601610166e-23,Down
SULF1,212354_at,2.118296335534831,4.3418092215323885,4.159956252369002e-25,3.768285258239483e-23,Up
MFAP4,212713_at,-2.1113992938522124,0.23142244611400234,2.861677953603063e-29,4.723464432602745e-27,Down
GPX3,201348_at,-2.110882269874029,0.23150539669799874,3.307279865585057e-30,6.141343103735986e-28,Down
ABCA3,204343_at,-2.096063716862071,0.23389554419482864,6.768214547365651e-22,3.77040311897372e-20,Down
CACNA2D2,204811_s_at,-2.095113993149191,0.23404956792841916,8.000429861543461e-23,5.007684792268903e-21,Down
EPAS1,200878_at,-2.087425408263547,0.23530022280138121,6.241343782497194e-35,2.781517270107699e-32,Down
THBS2,203083_at,2.0864912222255487,4.2471386949195,3.194016064468337e-23,2.0994766951194083e-21,Up
KAL1,205206_at,-2.0550092384521434,0.2406470697612299,8.95017520047316e-25,7.359289815208245e-23,Down
CXCL13,205242_at,2.054309123712879,4.153446938558881,3.1330646471278446e-13,4.814764105651707e-12,Up
KCNK3,205952_at,-2.049443264255454,0.2415772888761173,2.373200664932058e-35,1.2590959623019298e-32,Down
CLIC3,219529_at,-2.0325929938676923,0.24441538516103256,3.036437812466816e-23,2.005383132981368e-21,Down
SPOCK2,202524_s_at,-2.0318916224264587,0.2445342374773734,3.615163749728945e-34,1.4132753304422822e-31,Down
EMP2,204975_at,-2.0271598707382132,0.24533757763055877,2.1771045546980012e-30,4.182105240718583e-28,Down
PHLDA2,209803_s_at,2.0084627907237866,4.023532791842508,1.2399684622338039e-18,4.3787982953971244e-17,Up
PLA2G1B,206311_s_at,-2.007938182562987,0.2486281953057236,1.3317283094102707e-21,7.048670289451084e-20,Down
CHRDL1,209763_at,-2.001509178506333,0.24973861603181938,1.3946046482141895e-27,1.80674275442772e-25,Down
ADAMTSL3,213974_at,-1.993694907358197,0.2510949802815858,4.222120264083904e-34,1.6220949283548558e-31,Down
SLIT2,209897_s_at,-1.9668727455341308,0.25580693016357925,3.587339809809532e-33,1.1419527568855115e-30,Down
SLC39A8,209267_s_at,-1.9626415486576327,0.2565582727657446,3.154301961898284e-22,1.835177822897636e-20,Down
COL3A1,201852_x_at,1.9532707902871245,3.8725149008228743,3.779919780496362e-17,1.068012562578525e-15,Up
COL10A1,205941_s_at,1.951116687305067,3.8667371230203003,4.569997269186395e-24,3.4287289275852005e-22,Up
FRY,204072_s_at,-1.9456722770964108,0.2595937803152992,6.254017500706247e-26,6.542641876443066e-24,Down
ARHGAP6,206167_s_at,-1.9401847245570032,0.26058307267720227,4.359696627760619e-33,1.3307824651560258e-30,Down
SLC1A1,213664_at,-1.937091240939127,0.2611424246590543,4.694414844684633e-19,1.775987198371947e-17,Down
TIE1,204468_s_at,-1.931031629726954,0.26224158243155643,1.3277669918814565e-32,3.400762285068333e-30,Down
VIPR1,205019_s_at,-1.9306720493617195,0.26230695222467026,8.197242938034476e-25,6.841167205551393e-23,Down
KLF2,219371_s_at,-1.9243565285886692,0.26345774031250563,4.8303711413992383e-29,7.526934275790155e-27,Down
GPC3,209220_at,-1.9216964782934562,0.2639439534739995,2.291026309785114e-21,1.1927789546948996e-19,Down
GIMAP6,219777_at,-1.9101632446608052,0.2660624382596431,4.715784587802338e-25,4.1370798413385637e-23,Down
ADARB1,203865_s_at,-1.8991925178113984,0.268093376585179,1.6789112292076642e-34,6.927996096376737e-32,Down
RAMP3,205326_at,-1.8977550827336422,0.26836062562767804,2.7905733494864e-29,4.640473578104884e-27,Down
CLDN5,204482_at,-1.888277729445809,0.2701293436113158,2.2004453006132314e-35,1.202040762524618e-32,Down
THBD,203887_s_at,-1.8817390891678372,0.2713564132340269,5.3031769946295734e-27,6.457414916466164e-25,Down
ADAMTS1,222162_s_at,-1.881163858079523,0.2714646299833965,1.7129079937757907e-18,5.872112126970145e-17,Down
KIAA1462,213316_at,-1.8764116398011987,0.27236030522566335,2.506417302313998e-33,8.726640116791066e-31,Down
CRABP2,202575_at,1.8751963653638262,3.6685154608388175,4.443037856635977e-16,1.0487734381294436e-14,Up
S100A2,204268_at,1.8739863562068964,3.6654399138977696,2.217650289872305e-09,1.7699105089263818e-08,Up
PPAP2C,209529_at,1.872453442238915,3.6615473240900442,9.13080082624048e-27,1.0822427383570031e-24,Up
AOC3,204894_s_at,-1.8686365056263199,0.2738321024023215,3.516612585664692e-33,1.1356620035705265e-30,Down
SRPX,204955_at,-1.866185057215695,0.2742977974419501,1.2258483984070174e-26,1.4226864511303943e-24,Down
DOCK4,205003_at,-1.8519336042142855,0.2770208357400827,2.3895715158388186e-26,2.6490956262406166e-24,Down
AQP1,209047_at,-1.8475568994707974,0.2778625100510791,5.577579567760669e-16,1.2952404824945746e-14,Down
CDH3,203256_at,1.8402256237441943,3.58066022103311,2.4675480347026278e-18,8.33096558443616e-17,Up
GATA6,210002_at,-1.8365408195200557,0.2799923238434289,4.311536868995142e-26,4.5749512405627976e-24,Down
GOLM1,217771_at,1.8314141314584784,3.55885741198418,1.6518368808768985e-26,1.8779531232948943e-24,Up
MDK,209035_at,1.820287227972205,3.531515008947056,1.0720840767641e-24,8.718704190706001e-23,Up
COL11A1,204320_at,1.816479550879313,3.522206638852906,1.4090121813435546e-17,4.2601110497799763e-16,Up
KRT15,204734_at,1.815511742589373,3.5198446166879482,2.7434988583826705e-10,2.5722660710022943e-09,Up
SLPI,203021_at,-1.8140605689968297,0.2843893671334574,1.9029059276266534e-14,3.495667995490908e-13,Down
PECAM1,208982_at,-1.813913741770584,0.28441831173065774,1.4541214697920596e-38,1.8001215950764704e-35,Down
TSPAN7,202242_at,-1.8047090436678381,0.2862387616918945,6.879586183546281e-25,5.89606995876776e-23,Down
EMCN,219436_s_at,-1.80385018960028,0.28640921387154,2.816911700034898e-32,6.897719056250289e-30,Down
ALDH1A1,212224_at,-1.791849684454256,0.2888015350329069,1.11461416862062e-15,2.4911682567074496e-14,Down
SELENBP1,214433_s_at,-1.7829645615464447,0.2905856647567759,1.9154110187436246e-21,1.0019038434428213e-19,Down
C7,202992_at,-1.7755660355679055,0.2920796933695714,6.283149131153558e-19,2.3180035114154756e-17,Down
COL4A3,222073_at,-1.7735179949968334,0.2924946222631459,9.247664182200527e-15,1.7703238915118068e-13,Down
RAMP2,205779_at,-1.7688540321826194,0.2934417326757538,4.793878995802364e-36,2.9672779350962246e-33,Down
PIP5K1B,205632_s_at,-1.7637718684444037,0.29447725903655414,1.0411253375478262e-28,1.5363838342104775e-26,Down
ID4,209291_at,-1.7577755191755822,0.29570375746894556,2.2039349359528646e-20,1.002250656690565e-18,Down
CD93,202878_s_at,-1.7485399584845158,0.29760280748333096,7.489922965469705e-33,2.0365142061083506e-30,Down
NME1,201577_at,1.7477134023916268,3.3582587728807702,7.6931954671816655e-31,1.6021259307963465e-28,Up
LIMCH1,212327_at,-1.7393237503634804,0.2995100357486172,9.871791280875976e-25,8.057623630467376e-23,Down
SMAD6,207069_s_at,-1.7173816865415201,0.3041001247805513,6.740556932713928e-24,4.957090103355263e-22,Down
GNG11,204115_at,-1.713499687936662,0.30491949818698894,1.4117647093501828e-22,8.666212952741082e-21,Down
IL33,209821_at,-1.7133341832498266,0.30495448028606215,3.3247563770165268e-21,1.7070402384575866e-19,Down
ERG,213541_s_at,-1.7058869898476416,0.3065327255992434,1.82345045323752e-28,2.6214158999672035e-26,Down
AGTR1,205357_s_at,-1.6991026559412399,0.30797760322713125,3.1918820591154153e-37,2.5401681401167426e-34,Down
METTL7A,207761_s_at,-1.6851717746639672,0.31096588592855096,7.658044549096754e-29,1.1763138358899117e-26,Down
KIAA0101,202503_s_at,1.6848441584598906,3.2150566501808546,3.787028837533931e-21,1.9310380683471072e-19,Up
CDC20,202870_s_at,1.6743381674802977,3.191729012316476,1.253488354814533e-19,5.2110972034201934e-18,Up
CA2,209301_at,-1.6698807976769876,0.3142793098084133,1.4489148524190541e-18,5.036843940164397e-17,Down
HSD17B6,205700_at,-1.6692534948919757,0.31441599230074385,2.219093579959045e-19,8.877569522841543e-18,Down
PAICS,201013_s_at,1.6691040962146388,3.1801704575296217,7.594886320753399e-27,9.09875547770688e-25,Up
TPPP3,218876_at,-1.668462222091481,0.3145884868713825,8.272598063933908e-21,3.996659194739768e-19,Down
ECT2,219787_s_at,1.6643268477818474,3.1696572596837047,3.9840039279494176e-19,1.530613095284429e-17,Up
CXCL2,209774_x_at,-1.6619455246298358,0.31601270685368626,1.0777905887028385e-09,9.115047948865266e-09,Down
GDF15,221577_x_at,1.6617342842878244,3.1639664114342905,3.892532975837542e-11,4.2249056162000947e-10,Up
TNS1,221748_s_at,-1.6581775377195616,0.31683913795808105,4.0612011412558255e-30,7.478987192611864e-28,Down
IGFBP3,210095_s_at,1.6536102197322347,3.1461996417933293,1.420678474390296e-17,4.2895634749104287e-16,Up
BCHE,205433_at,-1.6519785674229421,0.3182034609923291,1.2027838995215986e-25,1.2018669790600798e-23,Down
DSP,200606_at,1.6496139261045073,3.1374966662005037,8.673482157732962e-12,1.0486771726574259e-10,Up
TMEM47,209656_s_at,-1.6478748452009135,0.3191098740102223,2.0842049567171643e-19,8.39825299286231e-18,Down
PTGDS,211748_x_at,-1.6466997496959923,0.3193698993963812,6.09988902275368e-22,3.415171535025635e-20,Down
C4BPA,205654_at,-1.6424514518335709,0.3203117325867124,1.0646011847736965e-12,1.5005446801297107e-11,Down
LHFP,218656_s_at,-1.6410456023881075,0.3206240158724066,1.3521084463775593e-25,1.3406785708426232e-23,Down
LIMS2,220765_s_at,-1.6278048224327932,0.3235801867813583,2.3580815933483692e-32,5.903947431975474e-30,Down
TPSAB1,205683_x_at,-1.625890416717807,0.3240098513511099,3.958280068607905e-12,5.051681258235392e-11,Down
FLRT3,219250_s_at,-1.6133960337674154,0.32682810733670736,6.212418700540796e-14,1.056727678657638e-12,Down
STEAP1,205542_at,1.5995190549919096,3.0304227256909786,3.857809469549198e-15,7.829104591071473e-14,Up
TPSB2,207134_x_at,-1.5989154340714276,0.3301250605067845,5.912917580827765e-12,7.336166060890039e-11,Down
RASIP1,220027_s_at,-1.594804444784307,0.33106710022176755,5.1762917984372844e-36,3.1173867606642706e-33,Down
NUSAP1,218039_at,1.5922944498416616,3.015285167209902,3.33211188589224e-19,1.3026219149708208e-17,Up
VSIG4,204787_at,-1.5839648438990164,0.333563920723532,4.487031263919025e-20,1.972081216053405e-18,Down
ADAMTS8,220677_s_at,-1.5815384264408854,0.3341254020489591,4.93471987213422e-33,1.4661381721435576e-30,Down
SEMA3G,219689_at,-1.5795916846622085,0.33457656803630426,1.4169485634861674e-24,1.1316797433749917e-22,Down
MAOA,212741_at,-1.577524042028859,0.3350564204789614,3.7887221190237635e-19,1.463155892169957e-17,Down
MYH11,201497_x_at,-1.5759944085601703,0.3354118561706757,3.0756954015293098e-24,2.388004203215248e-22,Down
ZWINT,204026_s_at,1.5749931569095734,2.9793407943975487,1.0686581045421706e-19,4.4593461691972255e-18,Up
SLC6A4,207519_at,-1.5721430509387737,0.3363084536930682,7.051368934292391e-18,2.20682098262412e-16,Down
MRC1,204438_at,-1.5720616723754421,0.33632742448725744,1.988012520023392e-15,4.23476728937501e-14,Down
TMEM204,219315_s_at,-1.5645909540323704,0.33807354834476094,2.988429801117893e-28,4.2146317252094943e-26,Down
OLR1,210004_at,-1.563922979564044,0.3382301142019043,1.1601102323396207e-14,2.1981918628591639e-13,Down
ADRB2,206170_at,-1.559688879913793,0.33922422836141986,1.3907876693898517e-25,1.37127971845195e-23,Down
JAM2,219213_at,-1.5591324301576375,0.339355092917849,3.392639220778541e-39,6.299848313050686e-36,Down
TBX3,219682_s_at,-1.5572290759845195,0.3398031011103895,4.4235782285675764e-26,4.67159211692755e-24,Down
LMO2,204249_s_at,-1.5537385250401163,0.34062623838044404,2.541872109878707e-26,2.7901741982476467e-24,Down
IGF2BP3,203820_s_at,1.5488930359028856,2.9259254998009134,6.203472582793761e-11,6.465480802731215e-10,Up
PCOLCE2,219295_s_at,-1.5475210868251237,0.3420973688535682,1.6909993049650154e-19,6.901197346618212e-18,Down
NDNF,219747_at,-1.5472184407304734,0.3421691409815206,4.895681289427221e-17,1.35012953183548e-15,Down
SLCO2A1,204368_at,-1.5462761363335709,0.3423927036870709,9.253068082164319e-23,5.75938871717507e-21,Down
TBX2,40560_at,-1.541679248837088,0.343485416213489,2.282284824060365e-31,5.0352626469838735e-29,Down
CEP55,218542_at,1.5409787299049986,2.909918465133782,2.0525909715815087e-20,9.430491674175414e-19,Up
DPYSL2,200762_at,-1.5380612511161118,0.34434789163811,1.7387689185190826e-25,1.6993415706737157e-23,Down
PID1,219093_at,-1.53583845286453,0.34487884642821975,2.3246650865291683e-25,2.2327806949624765e-23,Down
SPARCL1,200795_at,-1.5333987423022464,0.34546255704082923,3.8115196526159743e-25,3.509590595836436e-23,Down
ICAM2,213620_s_at,-1.5322302736639717,0.34574246766883826,1.776979542488855e-25,1.7215841367512678e-23,Down
FABP5,202345_s_at,-1.5233434559236496,0.3478787701638051,2.0506721943491554e-16,5.1632913566872576e-15,Down
HEG1,213069_at,-1.5196784038557318,0.3487636520357747,3.971567569584932e-28,5.531152509566315e-26,Down
FBLN5,203088_at,-1.5189396822142864,0.34894227968931935,1.0011427786241767e-27,1.3200274873421617e-25,Down
NEK2,204641_at,1.51536540395848,2.8587122387835104,7.780805706349254e-17,2.0838905475310148e-15,Up
C14orf132,218820_at,-1.5140257634447538,0.35013282754327363,2.1257469114751022e-31,4.73680184283997e-29,Down
ACADL,206069_s_at,-1.513044829283957,0.35037097492149905,8.266425400528003e-36,4.847388347367513e-33,Down
GPR116,212950_at,-1.5104741090059797,0.3509958531525397,5.161587771268204e-13,7.657500686229652e-12,Down
RRM2,209773_s_at,1.4991710406238568,2.826802403207821,3.9815691394885986e-19,1.530613095284429e-17,Up
TACC1,200911_s_at,-1.4980590676523526,0.3540293643825012,7.941651081926391e-34,2.9493968509760965e-31,Down
CENPU,218883_s_at,1.4947552987519366,2.818163469821113,8.00699237034454e-19,2.898870711971887e-17,Up
PMAIP1,204285_s_at,1.4924346879535513,2.813634027735691,1.9193562256411626e-12,2.5764466732507245e-11,Up
P2RY14,206637_at,-1.4921765255084445,0.35547585461475034,5.8692746594324314e-24,4.345018180602421e-22,Down
FXYD1,205384_at,-1.4880772323522162,0.3564873448551519,8.842026808627644e-32,2.0960306742196785e-29,Down
CXCL3,207850_at,-1.4879080830534868,0.3565291437923773,6.355642039168876e-13,9.274575740589395e-12,Down
RBP4,219140_s_at,-1.4873905015728344,0.3566570751863236,1.4819929194694807e-14,2.7588344381402203e-13,Down
ASPM,219918_s_at,1.4829959421713568,2.795286081466831,4.1166522774098395e-17,1.158224276483882e-15,Up
TYMS,202589_at,1.4826128516220942,2.794543924956214,5.512810797906856e-19,2.0473660501626413e-17,Up
AHNAK2,212992_at,1.4816072072684738,2.7925966401955824,7.005300111283296e-10,6.107072607105096e-09,Up
GALNT7,218313_s_at,1.4814073455256818,2.7922097985157484,2.7655760086416924e-20,1.242446173398444e-18,Up
PDLIM2,219165_at,-1.4790704825422285,0.35871985804546946,4.6444949636899905e-27,5.6864440261485745e-25,Down
PTPRB,205846_at,-1.4761858986178744,0.35943781483102544,9.142251169130668e-28,1.2198609748607106e-25,Down
AGR2,209173_at,1.4733651729556616,2.7766881805265893,4.6024882835605556e-10,4.127052169922731e-09,Up
CCNB1,214710_s_at,1.4712781688567915,2.7726743245326855,2.5955708827687967e-19,1.0273020600486163e-17,Up
RAI2,219440_at,-1.4706096847237866,0.36082977954055706,2.393157679964077e-32,5.92519250918217e-30,Down
ANXA3,209369_at,-1.4699889689408838,0.3609850590150874,5.785188869249475e-13,8.464304896486282e-12,Down
NEDD9,202149_at,-1.464992209168539,0.3622374947857714,1.141994885117329e-16,2.965859210381054e-15,Down
HPGD,203914_x_at,-1.4648402080052723,0.36227566184096544,3.407983441674293e-10,3.1328422042420903e-09,Down
PLAU,205479_s_at,1.4637282734535546,2.758202297008148,1.0974933242315298e-15,2.4578335420955958e-14,Up
FXYD6,217897_at,-1.462655885585857,0.3628245832603383,7.49424067230107e-33,2.0365142061083506e-30,Down
CXCL14,218002_s_at,1.460853023776214,2.752710753308337,7.171600105789439e-07,3.6686126069170357e-06,Up
LRRN3,209841_s_at,-1.459536241655524,0.3636099939924889,1.3659616363306772e-34,5.742966630633298e-32,Down
NEDD4L,212448_at,-1.4564908379282198,0.3643783537433545,4.1380961723877466e-23,2.6650056939108713e-21,Down
GHR,205498_at,-1.455379517358904,0.3646591457007362,4.381200050708142e-25,3.952481001211722e-23,Down
FEZ1,203562_at,-1.4524998859929656,0.3653877352985333,8.206838099865103e-31,1.6895024091657644e-28,Down
CAMK2N1,218309_at,-1.4495894655133714,0.36612559416433244,1.7717585240434765e-14,3.268219800601059e-13,Down
ALOX5,204446_s_at,-1.4471107088648836,0.36675519107170773,7.300285938681074e-15,1.4244507142874812e-13,Down
COX7A1,204570_at,-1.4460386301759343,0.3670278311938358,7.565315830004612e-28,1.0208396762262376e-25,Down
FHL2,202949_s_at,1.4432364307269534,2.719302090038489,1.5815656974866594e-18,5.463880377844222e-17,Up
DACH1,205471_s_at,-1.4428715135457422,0.36783444434946494,1.0857321074690435e-25,1.1047200251476116e-23,Down
FBLN1,202995_s_at,-1.4426590589408868,0.36788861648822635,4.762558464720209e-15,9.543533297604355e-14,Down
ANGPT1,205608_s_at,-1.4425172780436322,0.36792477252933903,4.136840165950181e-26,4.410584182673105e-24,Down
TMPRSS4,218960_at,1.4419624325232219,2.7169018206222404,1.5890387020402296e-14,2.9482555701550737e-13,Up
HSPB8,221667_s_at,-1.4341753819521479,0.37005833543684025,5.6074837233531925e-24,4.16505199358264e-22,Down
TGFBR2,208944_at,-1.4308071304831103,0.3709233177572492,6.970323948709707e-25,5.950947453988444e-23,Down
MMP11,203878_s_at,1.4285393688796635,2.6917405685124938,1.5884953890661203e-16,4.0314855073531164e-15,Up
CTNNAL1,202468_s_at,-1.427913903128081,0.3716679257715672,1.7677640982451489e-25,1.7201348210129542e-23,Down
FOLR1,204437_s_at,-1.42617127868332,0.3721171329257504,1.581057550833292e-10,1.5499650420245597e-09,Down
PTGER4,204897_at,-1.423600303857146,0.3727808606812794,2.3520840865230034e-17,6.842231031330559e-16,Down
PFKP,201037_at,1.4235799712371584,2.68250334733806,1.5761131989954865e-18,5.4534985113690095e-17,Up
HBEGF,203821_at,-1.4235215780851505,0.37280120334618727,9.07135490194052e-20,3.857576360304209e-18,Down
CADM1,209031_at,-1.4230905693947928,0.37291259526070114,5.545264241275844e-13,8.167771044086694e-12,Down
KDELR2,200700_s_at,1.422270212013375,2.6800691259403955,1.5916656662634622e-29,2.728237387796056e-27,Up
MYL9,201058_s_at,-1.4218197513539774,0.3732412252372815,1.0620183270438314e-17,3.255151909424718e-16,Down
EEF1A2,204540_at,1.4218126473976112,2.6792192510060167,1.1115034962341902e-07,6.587136278347463e-07,Up
PCDH17,205656_at,-1.4214257810397584,0.3733431636498069,1.5933266241095694e-24,1.268003470179769e-22,Down
BUB1B,203755_at,1.4208582613423673,2.6774474531992207,1.069845459409969e-15,2.3983265967839376e-14,Up
MAD2L1,203362_s_at,1.4207424380372968,2.677232509391642,6.363319140801965e-17,1.7313045227654479e-15,Up
COL5A2,221729_at,1.419594535028855,2.675103174454109,1.2364510284145126e-14,2.332924493324351e-13,Up
DES,202222_s_at,-1.4174461247065429,0.3743744478633453,8.516492995084721e-23,5.315770683738735e-21,Down
PRC1,218009_s_at,1.4104372273828254,2.6581771010668866,4.72235125991944e-14,8.24026257829169e-13,Up
MYH10,212372_at,-1.4068243571396906,0.37714093190991504,3.621047590673258e-23,2.3524140951303853e-21,Down
NMU,206023_at,1.4058588327589732,2.649754743764099,5.169753416925347e-10,4.596872122479949e-09,Up
STXBP6,220994_s_at,-1.4054842845686117,0.37749140862170266,5.6999969068884385e-33,1.6283721932845522e-30,Down
IL7R,205798_at,-1.405299476357845,0.3775397681005591,1.1276273067168377e-15,2.5177273823217727e-14,Down
MMP9,203936_s_at,1.4050808320679113,2.648326198431366,2.8140199061467148e-14,5.03248840840026e-13,Up
KLF9,203542_s_at,-1.4036142915615741,0.37798102282497625,2.5019182414920454e-19,9.95540074556558e-18,Down
CD24,209771_x_at,1.403571054205491,2.6455561793129037,8.721428837713083e-13,1.2441715671623601e-11,Up
HOXA5,213844_at,-1.4024570560288545,0.3782843360941622,1.4216226114672089e-27,1.8310992284002204e-25,Down
EFEMP1,201842_s_at,-1.4022588023574922,0.37833632311117843,2.19354507396591e-16,5.479682161791746e-15,Down
NET1,201830_s_at,1.4003799465422233,2.6397109213086813,5.45882233674171e-17,1.4998636020914367e-15,Up
LEPREL1,218717_s_at,-1.3974986504859226,0.3795867001216392,1.0137205206750663e-25,1.0409555005623272e-23,Down
MUC16,220196_at,1.3942581244855692,2.6285335048687615,5.583884780645619e-10,4.933612393621186e-09,Up
TIMP3,201150_s_at,-1.3905549780464437,0.3814180495601418,5.988148286124107e-18,1.8846597211822524e-16,Down
LDLR,202068_s_at,-1.389457189125963,0.3817083921788175,8.715961606591846e-19,3.137605371238871e-17,Down
HN1,217755_at,1.3883212731875432,2.6177390212735117,1.3602451488537625e-21,7.182545652110993e-20,Up
ETV1,221911_at,-1.3816413552463045,0.38378191787109717,6.380148720024638e-13,9.304244367035929e-12,Down
ACKR1,208335_s_at,-1.3798009778532716,0.38427180259102384,2.699072422367711e-15,5.579167976588099e-14,Down
ENG,201809_s_at,-1.375752506407455,0.3853516553875921,9.316482175193252e-28,1.2357093589870908e-25,Down
ATF3,202672_s_at,-1.373534179887752,0.3859446381860989,1.5599618613725615e-08,1.0731901870010739e-07,Down
CAT,201432_at,-1.3735273417093659,0.3859464675155573,2.0848400498740006e-31,4.6925748314487227e-29,Down
TFPI2,209278_s_at,1.3675760445686098,2.580366593888478,1.2699552231113958e-05,5.180013222879596e-05,Up
MIF,217871_s_at,1.3664339713061224,2.5783247198457357,3.434798349001707e-29,5.506302993583096e-27,Up
LGSN,220393_at,1.3655208603374396,2.5766933621215253,3.952788055542476e-11,4.2819628702796787e-10,Up
HIGD1B,219719_at,-1.3639731366108423,0.38851086850678235,8.776834425419572e-40,2.444677518770304e-36,Down
C1orf116,219476_at,-1.3637099702146358,0.38858174442168464,1.1644388537938986e-11,1.3779708432867469e-10,Down
MELK,204825_at,1.3636410135563004,2.5733380900771827,4.984901668648766e-18,1.5823157248219437e-16,Up
APOLD1,221031_s_at,-1.3584744003170268,0.3899944774112774,1.9601543420599494e-15,4.1837278931151204e-14,Down
A2M,217757_at,-1.3580732278888075,0.390102938854564,1.2862472271692927e-22,7.961513045281486e-21,Down
SOCS2,203373_at,-1.3580107144222406,0.3901198427841488,3.911351115278358e-16,9.31160650659697e-15,Down
C1orf106,219010_at,1.3572121061836757,2.561896347031694,3.0062586996935295e-22,1.762854279086077e-20,Up
CPA3,205624_at,-1.3545077055035222,0.39106824401005436,1.2304298166131443e-13,2.007149897773843e-12,Down
GATA2,209710_at,-1.3531033895964093,0.39144909423403623,1.285566104993111e-26,1.4766118308021389e-24,Down
SOX4,201417_at,1.3518135132783247,2.552327595461749,2.4088841888307166e-22,1.435218352398793e-20,Up
AHNAK,211986_at,-1.351626924534484,0.3918499112746982,4.668353862470028e-25,4.1279733776753825e-23,Down
KRT19,201650_at,1.3498342075422247,2.5488283300888512,2.5848854169608018e-12,3.3921673584297735e-11,Up
BMP2,205290_s_at,-1.3458171910475043,0.39343107255053733,3.6741460655020724e-14,6.497698156951006e-13,Down
KRT8,209008_x_at,1.3425776695380005,2.5360402967211493,7.970567629122886e-17,2.127043814128686e-15,Up
DST,212254_s_at,-1.3420604759743178,0.39445688493968606,4.691206091889021e-21,2.338571484240784e-19,Down
CENPF,207828_s_at,1.3416688217448955,2.5344431824880496,1.369550682086222e-18,4.775852558517572e-17,Up
GFPT1,202722_s_at,1.341043868870159,2.53334553919169,2.2875206248132895e-23,1.563583499469771e-21,Up
SCG5,203889_at,1.338854414239269,2.5295038136296863,7.929273375249185e-12,9.644541409425633e-11,Up
DNAJC12,218976_at,1.3384724985320196,2.5288342824032597,6.652451528523531e-12,8.17180691345589e-11,Up
COMP,205713_s_at,1.3370194262800856,2.52628854062308,5.904041457726348e-11,6.193962137594926e-10,Up
IGLJ3,211798_x_at,1.3362748114493286,2.5249849896317964,7.932485644058174e-10,6.856461505296676e-09,Up
HYAL1,210619_s_at,-1.3357279032090075,0.3961921214880502,3.6154898191574775e-23,2.3524140951303853e-21,Down
ETS2,201328_at,-1.3320512639271644,0.3972030858026598,4.48345921887445e-18,1.443712742401436e-16,Down
PLLP,204519_s_at,-1.3292609830084494,0.3979720498780911,6.71912743808448e-22,3.7524390151086836e-20,Down
SFTPB,209810_at,-1.3280943867477077,0.39829398934102844,2.0000638837419936e-07,1.1366341117424852e-06,Down
AK1,202587_s_at,-1.32564504967241,0.3989707677328352,2.500452802865944e-18,8.416554351399069e-17,Down
PLOD2,202619_s_at,1.3253142574116836,2.5058746640581675,3.0023766327270337e-13,4.63309961960225e-12,Up
SECISBP2L,212450_at,-1.32372800968015,0.3995012688291095,1.191876714210172e-20,5.674912141612235e-19,Down
TNFRSF21,218856_at,1.3229158952603814,2.501712313744833,1.5008792468898758e-20,7.070632612779515e-19,Up
POSTN,210809_s_at,1.3202868947417308,2.497157633900582,1.2873901261001717e-12,1.7918122535846424e-11,Up
SORD,201563_at,1.3202321573596087,2.497062890885084,4.749639717453141e-18,1.518453684706002e-16,Up
CDO1,204154_at,-1.3151277502237848,0.40188990656226353,1.67600106030142e-26,1.8957528744516014e-24,Down
SPTBN1,212071_s_at,-1.3150874258325036,0.4019011398387851,2.1341014070023344e-29,3.630090202460536e-27,Down
PLSCR4,218901_at,-1.3125283055246317,0.402614683652167,1.8031828711205624e-17,5.350242865137083e-16,Down
DLGAP5,203764_at,1.311787544021115,2.482489376647324,5.85848088342434e-15,1.1532202254889097e-13,Up
GPR87,219936_s_at,1.3110007373954975,2.4811358635975735,1.2976073471222625e-08,9.069819484292777e-08,Up
FAM189A2,213900_at,-1.3100129418465842,0.40331726159520515,1.1110890335791845e-29,1.9649521377178545e-27,Down
FAP,209955_s_at,1.308406550019706,2.4766784088454994,5.0145055888623825e-20,2.178133100129054e-18,Up
ZBED2,219836_at,-1.3076999233662931,0.40396440356125163,4.5834360517346766e-17,1.2718892346301844e-15,Down
NEBL,203961_at,-1.3064906085858539,0.40430316186723,4.0073083950271826e-19,1.536916574292439e-17,Down
DNASE1L3,205554_s_at,-1.304966278235045,0.4047305683946612,9.711183457767452e-26,1.0018254675436672e-23,Down
C1orf115,218546_at,-1.303896996352572,0.40503065363085583,1.365852611328479e-22,8.430829290369113e-21,Down
MYLK,202555_s_at,-1.302625937270232,0.40538765544219363,1.024383532758204e-17,3.148460449717387e-16,Down
DSG2,217901_at,1.3020795960541882,2.4658406919962808,6.599559716546861e-17,1.7933901117538257e-15,Up
PTRF,208789_at,-1.2956365370844445,0.4073563952476169,7.94115934203475e-25,6.652362917990991e-23,Down
TIMP1,201666_at,1.2950696657522904,2.4538884465328583,3.687160732498632e-19,1.4288870017785566e-17,Up
MSR1,214770_at,-1.2949317229799453,0.40755545372407126,9.830243390836124e-15,1.875405081147272e-13,Down
PALMD,218736_s_at,-1.2949087473296954,0.40756194430306353,4.371893802268678e-23,2.799393953906694e-21,Down
HIST1H2BD,209911_x_at,1.293803344596764,2.45173549847117,1.7055642330155063e-17,5.101354067689198e-16,Up
PPAP2B,212226_s_at,-1.2937545993212538,0.40788812204444,2.7248494837711484e-22,1.614835666140226e-20,Down
MACF1,208634_s_at,-1.2933110057470056,0.408013556987005,8.390656991283827e-29,1.2548255687032046e-26,Down
CD52,204661_at,-1.2920888517188587,0.4083593450235328,6.269986113331182e-16,1.4508213973349817e-14,Down
TPBG,203476_at,1.290612089131601,2.4463182294325563,1.7142925895648936e-22,1.0408605387813222e-20,Up
PLAGL1,209318_x_at,-1.2896865904697377,0.40903987901429995,1.3691407791369982e-14,2.561592273846325e-13,Down
WFDC1,219478_at,-1.287297295514076,0.4097178647439572,1.2307139478350755e-24,9.900360613577251e-23,Down
HMGA1,206074_s_at,1.278782938865941,2.4263420369828785,1.1106216518036982e-21,6.021406877650076e-20,Up
ITM2A,202747_s_at,-1.2776218479950732,0.41247487598737104,4.155383154681077e-30,7.589705150472003e-28,Down
S1PR1,204642_at,-1.2774482228821276,0.41252451940090323,2.7382260682391434e-34,1.0895694906888006e-31,Down
FERMT2,209210_s_at,-1.2747245339581283,0.41330406720644397,1.286506356981316e-23,8.902863711992132e-22,Down
PDK4,205960_at,-1.2734846701189282,0.41365941675292933,1.9336989505463702e-20,8.943244153990021e-19,Down
RASL12,219167_at,-1.27334008654715,0.41370087482362794,6.596305102838946e-28,9.017513288746027e-26,Down
MMP7,204259_at,1.2688205347163963,2.4096448615113717,4.3238602461124364e-07,2.3055414659996036e-06,Up
PBK,219148_at,1.2675008410784656,2.407441666164993,1.6628967039690455e-10,1.6266166485751643e-09,Up
CRYAB,209283_at,-1.2641937588194896,0.41633196689521174,1.0562780837655948e-30,2.082924295623783e-28,Down
MCM4,222036_s_at,1.263551038445815,2.400859599755377,1.7725647750155096e-18,6.067290458013916e-17,Up
PRDX4,201923_at,1.259961237921889,2.3948930628053597,5.684933890903493e-23,3.619353768314358e-21,Up
SPAG4,219888_at,1.2576122391460212,2.3909968661794596,4.381911675755316e-21,2.209098141874564e-19,Up
LMOD1,203766_s_at,-1.2555000405570045,0.4188483686148184,1.2533011541089401e-23,8.727284255315472e-22,Down
WFS1,202908_at,-1.252047168921532,0.41985201918381065,1.7312104849697263e-26,1.948311274574768e-24,Down
FBP1,209696_at,-1.2510153311769905,0.4201524112331951,2.065280457154676e-11,2.3564078047505193e-10,Down
ITGA8,214265_at,-1.2491327822751597,0.42070101902356544,4.250338553266396e-18,1.3746051376260536e-16,Down
UBE2C,202954_at,1.2481403355102003,2.3753503787544368,2.1546515681603158e-15,4.5638879176156195e-14,Up
MAGEA6,214612_x_at,1.2455403830672083,2.371073496717394,0.00014369942271906733,0.000485601188421137,Up
DKK3,214247_s_at,-1.245378260709364,0.42179729238849323,2.92811101221912e-12,3.802278419888033e-11,Down
HEY1,44783_s_at,-1.2445021077554532,0.42205352892708164,2.113069391881294e-15,4.488610606224106e-14,Down
NQO1,201468_s_at,1.243079892259324,2.3670331192920666,6.351652677828218e-11,6.607557265174892e-10,Up
ID1,208937_s_at,-1.2426736337920463,0.4225887793502733,2.1126243837752755e-11,2.405498678776927e-10,Down
PLA2G4A,210145_at,1.2399816764785365,2.3619553237167,1.0379713819126734e-07,6.185909682578257e-07,Up
TMEM106B,218930_s_at,1.2392195189848723,2.36070786221185,3.6524046514901566e-18,1.1933509215418643e-16,Up
GMFG,204220_at,-1.2310454665154822,0.4260086216696953,2.0947851210860683e-23,1.4406820016407673e-21,Down
LYVE1,219059_s_at,-1.230656801795213,0.42612340464331394,5.665042933863438e-30,1.0262939162217805e-27,Down
CBX7,212914_at,-1.229955547007041,0.4263305819784758,3.7493742577192416e-24,2.8809416063709607e-22,Down
LGR4,218326_s_at,1.2285386227484159,2.343295056262811,2.996265911731347e-16,7.272962234325665e-15,Up
PAPSS2,203058_s_at,-1.2280951689334998,0.42688069662151024,2.650082899854379e-16,6.503501900600784e-15,Down
PPP1R14B,212680_x_at,1.2275596452705848,2.3417054930788233,3.243307639132932e-25,3.015646385677503e-23,Up
PTCH1,209815_at,-1.224383968587265,0.4279802215717555,7.581659813034762e-17,2.035447296552453e-15,Down
WASF3,204042_at,-1.222285989143912,0.42860304681235056,2.7718129206028774e-18,9.20481480026735e-17,Down
KANK2,218418_s_at,-1.2206030149264642,0.42910332493946346,4.955806527382358e-25,4.3305975235161206e-23,Down
KL,205978_at,-1.2199496986062623,0.42929768596664686,2.4625160596570102e-26,2.7164477899671864e-24,Down
STARD13,213103_at,-1.2198197671192865,0.4293363509630421,8.859003884443235e-39,1.233782397231554e-35,Down
KAZN,213478_at,-1.2196900681579823,0.429374950237523,4.952417376081118e-21,2.4577887837687206e-19,Down
SNRK,209481_at,-1.2180683252962705,0.4298578847907479,3.0954390907232316e-26,3.381160257773812e-24,Down
DPEP2,219452_at,-1.217437612331457,0.43004584981797117,8.694008705032965e-33,2.2791599526382303e-30,Down
CDKN3,209714_s_at,1.210943041725896,2.314889039275538,1.1313134244993344e-16,2.944983298845639e-15,Up
MUC5B,213432_at,1.210766528594303,2.31460583090057,4.578217889855269e-05,0.0001690413077707456,Up
EML1,204797_s_at,-1.2070373092044369,0.4331572262758553,8.339801485568065e-25,6.934171511302731e-23,Down
CRTAC1,221204_s_at,-1.2059715414123833,0.43347733244243264,7.395051558870303e-24,5.315610770526031e-22,Down
EFNB2,202668_at,-1.205682578321957,0.43356416402582654,2.4587765907994555e-16,6.080901084659741e-15,Down
CHI3L1,209395_at,1.2048841281217513,2.305187542107337,3.0613833140913005e-08,2.0010271009003522e-07,Up
MTHFD2,201761_at,1.1996575393715663,2.296851428748625,2.2075821542495404e-14,4.0025673834941017e-13,Up
EDN1,218995_s_at,-1.199313560986278,0.4354824363276378,9.256618021152914e-13,1.3129549291238088e-11,Down
GINS1,206102_at,1.1972827176520084,2.2930736894857624,2.306948454906361e-16,5.7372469219507186e-15,Up
NRN1,218625_at,-1.196254730365589,0.4364067343318592,2.669000480849722e-18,8.889886056020083e-17,Down
SESN1,218346_s_at,-1.1953861888170323,0.4366695421244857,1.567576363343788e-29,2.707775511968188e-27,Down
KLF6,208961_s_at,-1.194984915775514,0.436791014841223,1.5378094112137545e-16,3.907298416200239e-15,Down
HLF,204755_x_at,-1.1949754969539041,0.436793866497299,4.771647819426983e-19,1.7990969265700756e-17,Down
PCP4,205549_at,1.1947449066498956,2.289043543059255,9.628361911601295e-07,4.819155176914008e-06,Up
RCAN1,208370_s_at,-1.194255260783601,0.43701198139565484,4.53294226068902e-18,1.4533460776249415e-16,Down
FHL5,220170_at,-1.1938571445545358,0.43713259286567824,6.612056988024847e-33,1.8539891718273555e-30,Down
SVEP1,213247_at,-1.1923093771755813,0.4376018137375748,7.929015745180921e-33,2.12870190180562e-30,Down
SYNM,212730_at,-1.1898990022399714,0.43833354569915794,7.707302429651622e-29,1.1763138358899117e-26,Down
SERPING1,200986_at,-1.1897459028666422,0.43838006429815135,5.256583160664882e-19,1.9620174634689375e-17,Down
GCLC,202923_s_at,1.1895981411766332,2.2808920069091805,7.4465185256519105e-09,5.4172632160333503e-08,Up
DOCK9,212538_at,-1.188526903643913,0.43875062825607,1.7679157079939887e-17,5.259608240484652e-16,Down
LCN2,212531_at,1.1854552520482073,2.2743515200489064,9.818331652507959e-06,4.09014552650654e-05,Up
PCYOX1,203803_at,-1.1852350659880342,0.4397528808442642,5.71238957172624e-15,1.1284501491735443e-13,Down
RPS6KA2,212912_at,-1.1831321880165397,0.4403943337532643,9.91932603309142e-16,2.230396992889769e-14,Down
NPR1,32625_at,-1.1821510035161849,0.4406939501343324,4.87772724380878e-40,1.5527199453398718e-36,Down
CAPN3,210944_s_at,-1.1803781986857818,0.44123581418224517,2.7242967229721255e-22,1.614835666140226e-20,Down
ABCC3,208161_s_at,1.1787268244648104,2.2637691170254124,4.1530752001355734e-17,1.1669984197304032e-15,Up
KPNA2,201088_at,1.178661610768474,2.2636667908850767,1.2832852932028537e-19,5.325036534159998e-18,Up
CDKN1C,213348_at,-1.178146819050669,0.4419187904005795,3.940346472974736e-17,1.1114270943961525e-15,Down
LAMA4,202202_s_at,-1.177093306693524,0.44224161464431117,1.9656493168971025e-17,5.770825260661151e-16,Down
C5AR1,220088_at,-1.174290082480299,0.4431017462365995,8.209004685925465e-17,2.1880532466085784e-15,Down
PDIA4,211048_s_at,1.1727924690158318,2.254476495610162,2.8584132544454844e-22,1.6850270515557864e-20,Up
CD97,202910_s_at,-1.1719399350045716,0.44382414637233786,1.0679016134593912e-23,7.5066408999102875e-22,Down
SYNC,221276_s_at,-1.1718750869380745,0.4438440963851931,4.574043292318295e-25,4.076936267309143e-23,Down
LRRC36,220003_at,-1.1718248103976032,0.4438595641963896,6.1903907672067325e-27,7.496765079655849e-25,Down
LMCD1,218574_s_at,-1.171776008120693,0.44387457895912363,3.823392818495888e-21,1.9406984550009996e-19,Down
F8,205756_s_at,-1.1714507858205518,0.4439746515176019,1.2137676022688095e-17,3.7049840385419013e-16,Down
MMRN2,219091_s_at,-1.1713037333712188,0.444019907712125,6.656156430740405e-33,1.8539891718273555e-30,Down
DMBT1,208250_s_at,-1.170829037228712,0.44416602952667444,2.020571560772351e-07,1.146534150463211e-06,Down
MAFF,36711_at,-1.1703249221294847,0.44432125978697296,1.0334768257532431e-10,1.0401949778068648e-09,Down
VCAN,204620_s_at,1.1696810720749475,2.2496196045145407,2.1481481920295525e-11,2.4409579889339376e-10,Up
LINC00312,220244_at,-1.1686362356168196,0.4448416460060228,1.113319839426631e-25,1.123507956461287e-23,Down
PROS1,207808_s_at,-1.168327369118579,0.44493689232368,1.8888990788174388e-13,2.9766858679836626e-12,Down
S100A4,203186_s_at,-1.1681877373550371,0.4449799577864312,1.1824939787792158e-12,1.6551201839910343e-11,Down
SOBP,218974_at,-1.1675234681280777,0.4451848899058457,5.057380683695714e-19,1.890832445885765e-17,Down
APOBEC3B,206632_s_at,1.1631153935095,2.2394048882416038,8.015308427375736e-11,8.181636174402818e-10,Up
CDH1,201131_s_at,1.161963091615057,2.2376169565122006,2.079464244304869e-18,7.08512259263691e-17,Up
TSPAN6,209109_s_at,1.1594070928923284,2.233656117612387,1.4873301986109188e-16,3.792011306138112e-15,Up
NR4A1,202340_x_at,-1.158016059204435,0.44812836146435747,2.8290375626598762e-11,3.1551273277652664e-10,Down
ALOX5AP,204174_at,-1.1571893208493975,0.4483852356252983,6.792198301691691e-10,5.937644360792309e-09,Down
MME,203435_s_at,-1.1555194278240677,0.4489045337852982,9.848499528033931e-17,2.5848541222989413e-15,Down
PODXL,201578_at,-1.1546661939437008,0.44917010192764145,2.1660133813029685e-20,9.870199626906759e-19,Down
TTK,204822_at,1.151624382848694,2.2216389605968243,7.351764935792288e-13,1.06100633461308e-11,Up
CDK1,203214_x_at,1.150227430460241,2.219488802948764,9.422709228867185e-17,2.4818703279769206e-15,Up
ZFP36,201531_at,-1.1500862913620669,0.4505982790383015,9.898278907345442e-14,1.632593256050174e-12,Down
SEMA5A,205405_at,-1.1499236626027463,0.4506490758924058,8.190305012815163e-27,9.759602492008572e-25,Down
TNFSF10,202688_at,-1.148162290760384,0.4511996048087479,1.9670657837831813e-11,2.2501091817269317e-10,Down
ZEB2,203603_s_at,-1.1481407296069674,0.45120634806100907,4.3082717182078746e-16,1.0202042369482048e-14,Down
GDF10,206159_at,-1.147620646530262,0.4513690346176251,9.185180746396947e-24,6.560044313203948e-22,Down
KCNJ15,210119_at,-1.1474212982484149,0.4514314080616697,3.198762383479104e-10,2.9551418818849447e-09,Down
SASH1,41644_at,-1.1465153667656605,0.45171497066081434,6.181874933257493e-35,2.781517270107699e-32,Down
IGHM,209374_s_at,1.1459704066027498,2.2129493124194615,5.544693439189526e-05,0.00020214725769872416,Up
SCEL,206884_s_at,-1.1436103640379987,0.45262545778708485,9.672505615763633e-07,4.840162646217405e-06,Down
LRRC32,203835_at,-1.1420089508423654,0.4531281578040523,1.9606004458606077e-28,2.8005166496866615e-26,Down
CKS1B,201897_s_at,1.1390594745918357,2.2023739864116867,2.6181307239834376e-17,7.498689835799864e-16,Up
ITIH5,219064_at,-1.1389693224757185,0.45408386441530846,9.963013576599964e-35,4.353055520144647e-32,Down
COLEC12,221019_s_at,-1.137322504165379,0.4546024914030701,5.001023028994835e-18,1.5851749097452617e-16,Down
EPCAM,201839_s_at,1.1345112518427207,2.1954417421017633,4.491292774426536e-19,1.7078409026031828e-17,Up
NRGN,204081_at,-1.1344713555802244,0.4555017950086356,5.405586944125504e-16,1.2586488388291388e-14,Down
PERP,217744_s_at,1.1323889898803614,2.192214533968544,1.5469024144426423e-12,2.1056583079429076e-11,Up
OLFML1,217525_at,-1.1323745870190027,0.456164288602844,3.6502886568463953e-26,3.9677747385613765e-24,Down
CLDN3,203954_x_at,1.1316636728884593,2.191112671985772,2.408637510089836e-15,5.04432985313269e-14,Up
COL5A1,212488_at,1.1315425781952833,2.190928765495486,8.588521611179982e-11,8.726768219877955e-10,Up
ACP5,204638_at,-1.1313379368318088,0.45649218376966955,7.687325189512424e-14,1.2879448661496643e-12,Down
DPT,213071_at,-1.1312781068187912,0.4565111153517834,5.320969612694006e-12,6.661076734812389e-11,Down
TNC,201645_at,1.1298516879134457,2.1883624226947136,6.730293037142781e-08,4.140947296616111e-07,Up
BZW2,217809_at,1.1276273624444038,2.184991038138255,3.248014776119018e-25,3.015646385677503e-23,Up
GGCT,215380_s_at,1.1268967210883183,2.1838847470754934,4.344377258560836e-20,1.91315728167018e-18,Up
FGR,208438_s_at,-1.1254264012723398,0.4583665273010819,5.943284626534793e-21,2.929960427722894e-19,Down
SLC27A3,222217_s_at,-1.1241647135619264,0.4587675603332282,1.0870336840775697e-26,1.2816069620264808e-24,Down
CLDN4,201428_at,1.1221913786055602,2.176773620918626,4.4244403158095896e-17,1.2323725444648136e-15,Up
ZNF423,214761_at,-1.1207176185052772,0.4598650245394313,4.449803588448427e-22,2.5359328225421046e-20,Down
FOS,209189_at,-1.1168311955928942,0.461105508048939,2.8948604692448235e-06,1.3259234498701418e-05,Down
GGTLC1,211416_x_at,-1.1162730656815647,0.46128392868307266,1.1741794169905483e-12,1.644515395901973e-11,Down
GCNT3,219508_at,1.1146499288511587,2.1654245852247094,2.0192064611428556e-11,2.3073834653151926e-10,Up
RGS17,220334_at,1.1144394718339186,2.165108721131721,5.763161561014795e-17,1.5776477772001555e-15,Up
CCNB2,202705_at,1.1139742471432132,2.1644106528507874,2.552357721495767e-18,8.539667733947474e-17,Up
RFC4,204023_at,1.1105733310070347,2.1593144200564027,1.9428665438556705e-17,5.711463746271228e-16,Up
SLC15A2,205316_at,-1.1104724582318806,0.4631423348240358,1.2207879784395085e-15,2.7040575073128793e-14,Down
GPI,208308_s_at,1.1085984140232235,2.156360539228792,5.119955660954556e-16,1.195890691751052e-14,Up
TFAP2A,204653_at,1.1059183129655166,2.1523583771374253,9.737237381819808e-18,3.0010354160316843e-16,Up
INPP5A,203006_at,-1.1049084328201975,0.4649319793855205,2.3817142884969075e-25,2.277757059681399e-23,Down
MEIS2,207480_s_at,-1.1048918296558776,0.46493733005648796,2.6066651423355863e-15,5.403192499224546e-14,Down
TRIP13,204033_at,1.1037443647146405,2.149117503656624,3.174883860682798e-11,3.505745147056233e-10,Up
IL6,205207_at,-1.1035846228909225,0.46535879449275336,3.370935001671495e-06,1.5196144981235267e-05,Down
PCDH9,219737_s_at,-1.0984110666122406,0.4670305836149321,5.983153902675437e-13,8.748203307960417e-12,Down
TPX2,210052_s_at,1.0980078606875443,2.140589060063729,2.248159674906722e-17,6.582883316155912e-16,Up
PMP22,210139_s_at,-1.0960722348434242,0.4677883264587626,2.8976841933100955e-19,1.140796764655987e-17,Down
EFNA4,205107_s_at,1.094098928864888,2.1347970589279877,1.2542933558201575e-17,3.818226618543794e-16,Up
EPB41L2,201719_s_at,-1.092273770221679,0.4690215868348163,3.2153558121026423e-23,2.107287457678917e-21,Down
KANK3,213715_s_at,-1.0895146715738928,0.46991943081053816,6.05895801886368e-28,8.334059353971567e-26,Down
GMNN,218350_s_at,1.0880472786045043,2.125861014233672,4.485830786014402e-16,1.0555202471463454e-14,Up
HS3ST1,205466_s_at,1.0872274532684711,2.1246533164365213,1.4748142859660077e-08,1.0183850862776744e-07,Up
MEIS1,204069_at,-1.0831494050921906,0.471997327133753,7.311315136251031e-24,5.272428323012354e-22,Down
ID3,207826_s_at,-1.0829064507508805,0.4720768196479144,1.3705687592571982e-15,2.994155261032171e-14,Down
IGHD,214973_x_at,1.081863816698803,2.116768967761747,2.2817474669115625e-07,1.28329578004014e-06,Up
TYROBP,204122_at,-1.0811411960601678,0.4726547975515582,9.024164895197975e-11,9.140248470895295e-10,Down
CST1,206224_at,1.0808918822202642,2.115343394217269,5.981552714318527e-09,4.4428979711053246e-08,Up
FGFR2,203638_s_at,-1.0777069054718496,0.47378127781213797,9.732401119936235e-20,4.1073313287033924e-18,Down
ADCY9,204497_at,-1.077025032728006,0.47400525785480324,1.3544354445913617e-16,3.481070935620451e-15,Down
CYP24A1,206504_at,1.0761761969176629,2.10844033551214,1.8761961086618809e-06,8.908433387878263e-06,Up
ARHGAP44,205414_s_at,-1.076064265710765,0.47432102818661803,4.322770115650826e-19,1.6493884672439617e-17,Down
KCNN4,204401_at,1.0760094176294839,2.1081966084293873,4.2586772335033575e-17,1.1936616955239664e-15,Up
ENO1,201231_s_at,1.0759111847536946,2.1080530665446786,1.1649822534719948e-25,1.1693378177529936e-23,Up
PKIG,202732_at,-1.0749443963708707,0.47468935536190215,5.70653785987576e-21,2.8257507362580347e-19,Down
DUSP1,201041_s_at,-1.0746593166991563,0.47478316427703954,3.2072998330113547e-12,4.143087662550261e-11,Down
PPP1R15A,37028_at,-1.0718804391432073,0.4756985592279147,2.2340565715313246e-18,7.58864063771837e-17,Down
CALCRL,206331_at,-1.0704986959035843,0.47615437844955866,1.793277676693746e-20,8.324918014534739e-19,Down
SLC7A5,201195_s_at,1.0689438860686158,2.0978970554094696,7.365141762923766e-14,1.2404947384975833e-12,Up
FKBP11,219117_s_at,1.061406619727661,2.0869653097502923,7.638999847561969e-12,9.306715888639878e-11,Up
STOM,201061_s_at,-1.060331278677344,0.4795219368518743,5.987969020494377e-23,3.801422042269977e-21,Down
SLC2A1,201250_s_at,1.0591177523504633,2.0836569185490674,6.083108767438225e-17,1.6591176580762052e-15,Up
ADAM28,205997_at,1.0589968264092215,2.083482274838973,1.4363471985933257e-14,2.6805799519476613e-13,Up
MECOM,221884_at,-1.0582730701643186,0.4802065309315544,1.2776748886284421e-12,1.7794018464567234e-11,Down
WFDC2,203892_at,1.0576129203391922,2.0814846515001895,3.3583952739452425e-10,3.093638771778497e-09,Up
HLX,214438_at,-1.0569022544968352,0.4806630289823229,1.1106263726255992e-20,5.310748382235242e-19,Down
LMO7,202674_s_at,-1.056357161344474,0.4808446721025647,1.8272178061286976e-15,3.9074754677510336e-14,Down
SYNE1,209447_at,-1.055712231516889,0.4810596727698501,3.132104279931604e-16,7.586160833664774e-15,Down
NPR3,219054_at,-1.0538419128075311,0.4816837259091612,9.096966398165792e-18,2.819300448544205e-16,Down
IGFBP2,202718_at,1.0536513172902922,2.0757767892067,4.803664794579471e-06,2.1066731473649742e-05,Up
HYAL2,206855_s_at,-1.053619172798733,0.4817580995758671,1.1488523619539312e-19,4.785023772227935e-18,Down
FOXF2,206377_at,-1.0534033000760044,0.48183019118969866,1.268511562834127e-18,4.4654412566560585e-17,Down
GPRC5A,203108_at,-1.0533581768057747,0.4818452616608089,6.3283429211040865e-12,7.821101792066687e-11,Down
ARHGAP29,203910_at,-1.0506528391333578,0.4827496642382831,4.721648294918655e-13,7.042335271464016e-12,Down
CD34,209543_s_at,-1.0498173007874758,0.48302933018918254,7.962372962258066e-29,1.2069765763129013e-26,Down
MARCKSL1,200644_at,1.0494340110981657,2.0697177099571786,4.187705922672741e-18,1.3563176028330914e-16,Up
FEN1,204767_s_at,1.0490176202177999,2.069120433887878,3.357185577623048e-17,9.517578400276637e-16,Up
DENND3,212975_at,-1.048977142887404,0.4833107057291884,2.264449962166222e-27,2.8833564861114242e-25,Down
ABLIM1,200965_s_at,-1.0486907790299078,0.4834066487046507,2.567716671681774e-14,4.621682600572292e-13,Down
QPCT,205174_s_at,1.0476392298096409,2.0671444835683257,6.84671803794136e-08,4.2075404864712446e-07,Up
ATP2A2,209186_at,1.0440042208437745,2.061942670136238,8.28639118597035e-21,3.996659194739768e-19,Up
TRPV2,219282_s_at,-1.0433827294489832,0.48518850320078366,6.178282169246314e-25,5.315469558969715e-23,Down
CTGF,209101_at,-1.040085788280786,0.4862985556352701,2.3505555063979696e-07,1.3199956741196058e-06,Down
RRAS,212647_at,-1.0381988717185084,0.48693500693452063,4.550687279133947e-21,2.2787183065380164e-19,Down
EOGT,221935_s_at,-1.0346882844468697,0.4881213348126996,6.382786693254172e-16,1.473861511769769e-14,Down
CLU,208791_at,-1.034643860913791,0.4881363652990469,3.105204950487418e-07,1.707211495477699e-06,Down
CNN1,203951_at,-1.0343102853490533,0.4882492437557755,3.36963053645239e-16,8.117348891218229e-15,Down
SFN,33322_i_at,1.0337322400844524,2.047313790233526,4.2569829936036094e-12,5.395810696613722e-11,Up
ECM2,206101_at,-1.0331448267913412,0.4886438276060708,1.6217374963576886e-15,3.511873336378851e-14,Down
STK39,202786_at,1.0323140712079555,2.0453022700964385,2.509496608162492e-18,8.434255342335566e-17,Up
OGN,218730_s_at,-1.0308904506864867,0.48940798639488237,2.4025124699323473e-15,5.0362356883821726e-14,Down
ARHGEF6,209539_at,-1.0307588044306826,0.48945264702433006,1.6087369071072835e-26,1.838332538516492e-24,Down
SYNPO,202796_at,-1.0301871068244193,0.4896466411451079,3.2429437792021126e-24,2.509115146943079e-22,Down
KIF11,204444_at,1.0299369814739636,2.0419350554690974,8.468356697202822e-14,1.4092635719475018e-12,Up
SLK,206874_s_at,-1.026930138446163,0.4907532957553553,2.538696889975387e-15,5.277031977548652e-14,Down
NR4A2,204622_x_at,-1.025551701534133,0.4912224148085231,1.5938476278226547e-06,7.664157680356542e-06,Down
RAPGEF5,204681_s_at,-1.0248783413078844,0.4914517403626731,2.4882608755521736e-15,5.196430842542557e-14,Down
KIF4A,218355_at,1.0246236577994363,2.034428612842865,5.546149203572751e-15,1.1004883588887943e-13,Up
LSM5,211747_s_at,1.0238433411590435,2.0333285402605448,2.2801448025570862e-17,6.666450418402628e-16,Up
SRPX2,205499_at,1.0236080798698115,2.0329969909872454,6.657132172054651e-12,8.173051029746214e-11,Up
DNAJB4,203810_at,-1.0234868263578534,0.4919259863617917,3.6470842066383444e-16,8.719740061858609e-15,Down
NR4A3,209959_at,-1.0225103144978913,0.4922590672670886,1.9090222552031748e-10,1.8479036886486682e-09,Down
RUFY2,219957_at,-1.0224077621931738,0.4922940601759959,7.017814542357707e-17,1.8909064262074578e-15,Down
CFB,202357_s_at,1.02113546502639,2.0295156500543836,5.187918773414963e-09,3.889717161103823e-08,Up
SRPK1,202200_s_at,1.0204497539623496,2.0285512531295735,5.642017605762983e-25,4.8918707513313836e-23,Up
CDKN2A,209644_x_at,1.019951220672061,2.02785039425692,1.935579508471037e-10,1.8719842963220536e-09,Up
GPR126,213094_at,-1.018273909716398,0.4937066867969008,2.180500360314335e-08,1.4612959256807316e-07,Down
COL4A5,213110_s_at,-1.0161709476108367,0.4944268691627437,1.3059757194431545e-12,1.8142803588748015e-11,Down
SH3BP5,201811_x_at,-1.0156991750263877,0.49458857706210685,7.907867501323282e-22,4.350889173629301e-20,Down
TCN1,205513_at,1.0147423779176625,2.0205420525220683,1.4115373907100212e-06,6.8510755123483775e-06,Up
GAS6,1598_g_at,-1.0145673989679764,0.4949767277908081,3.7183579227257104e-24,2.866995487615813e-22,Down
ELTD1,219134_at,-1.0141646337864172,0.4951149324818266,4.449272322003879e-17,1.2377420118753114e-15,Down
RAB11FIP1,219681_s_at,-1.0137873485650957,0.4952444289929265,2.2509390989675243e-12,2.9962769380103555e-11,Down
UBE2S,202779_s_at,1.0136201456337028,2.018970940285963,6.131546269858441e-14,1.045123221244733e-12,Up
NDC80,204162_at,1.0131917989922608,2.0183715821235975,2.0612230763921117e-11,2.352983289510524e-10,Up
SSR4,201004_at,1.0115042614285699,2.01601204911252,7.148134410302737e-21,3.462649544886432e-19,Up
CEACAM1,209498_at,1.0111066423905664,2.01545649558634,3.6729890046102524e-13,5.579087524862321e-12,Up
EZH2,203358_s_at,1.0106238252508817,2.0147821090382405,6.03250204091677e-12,7.472053528501855e-11,Up
RCC1,206499_s_at,1.0104408617980267,2.014526609360951,3.366479066852406e-27,4.167514058148453e-25,Up
C1QB,202953_at,-1.0102796466417985,0.4964500083679992,7.133813914212198e-08,4.36830930064277e-07,Down
WWTR1,202133_at,-1.0099931628645304,0.4965486009268613,1.7562854474244865e-15,3.781189239126554e-14,Down
KCTD12,212192_at,-1.009862288105209,0.49659364760997043,1.4873199152256503e-13,2.3929205538608786e-12,Down
HPRT1,202854_at,1.008316568919426,2.0115625072287107,3.30079295684443e-19,1.2926462119044717e-17,Up
CX3CR1,205898_at,-1.008175343519703,0.4971746546205206,2.6471426498056496e-10,2.49308029017833e-09,Down
KAT2B,203845_at,-1.008072301767065,0.49721016564389314,9.303491341477103e-17,2.4591897694203356e-15,Down
MXRA5,209596_at,1.007297890484164,2.0101426561733544,2.6819525616891372e-11,3.0061342521186646e-10,Up
DIAPH2,205726_at,-1.0070375450735378,0.4975669119299361,1.332021221193086e-28,1.9399626713624534e-26,Down
COCH,205229_s_at,1.006755186421536,2.00938663539667,2.3048285164424718e-09,1.834104424238705e-08,Up
MRPS17,218982_s_at,1.0062377522561583,2.008666081962632,2.5486554685655005e-19,1.0123295865605178e-17,Up
RGS5,209071_s_at,-1.0059939611432096,0.49792696077378407,1.8760172541173546e-11,2.1525897257207523e-10,Down
PHACTR2,204048_s_at,-1.005498260678042,0.49809807457624783,1.1434490526880733e-13,1.873490826547672e-12,Down
KIF2A,203087_s_at,1.0049437031333595,2.006865183568977,4.2823865083086886e-16,1.0151533889855586e-14,Up
MYRF,204073_s_at,-1.0046814936192838,0.49838014755140814,1.703083140185701e-14,3.149361129689458e-13,Down
TMPRSS11E,220431_at,1.0039032491833204,2.005418378810556,6.954806183682093e-07,3.5675401977667606e-06,Up
TCF4,212386_at,-1.0034143915102085,0.49881806126030553,2.3955570242076407e-17,6.941508084579825e-16,Down
ELF3,210827_s_at,1.0034022912635443,2.004722143093117,5.44086651455582e-13,8.034382275934217e-12,Up
ALDH2,201425_at,-1.0022891330337735,0.4992072760221614,5.4371694971936775e-19,2.0260275569559652e-17,Down
NETO2,218888_s_at,1.001909721982054,2.0026491898188596,1.3022510632596728e-09,1.086818743169112e-08,Up
MNDA,204959_at,-1.0003763041562284,0.49986959992467533,4.365110947917303e-10,3.930010798078435e-09,Down
GFOD1,219821_s_at,-0.999488838956724,0.5001771863055512,8.277611683074493e-29,1.246283926580736e-26,Down
PFDN4,205361_s_at,0.9992181029915521,1.998916354264318,5.8564152106737084e-15,1.1532202254889097e-13,Up
ILF2,200052_s_at,0.9989755936956346,1.998580375388817,7.757034870224599e-17,2.0800241638172654e-15,Up
TPD52,201690_s_at,0.9984202419718535,1.9978111889516794,2.4872985563556776e-16,6.124251241024703e-15,Up
DKK2,219908_at,-0.9963388506857855,0.5012704690249172,2.3003401911027587e-17,6.709225193500363e-16,Down
MRPL15,218027_at,0.9961820814975422,1.9947142382592649,1.0539040354392922e-17,3.2347305264040975e-16,Up
LSR,208190_s_at,0.995401616628433,1.993635435517878,2.805223446369506e-19,1.1063503372646317e-17,Up
RGS13,210258_at,-0.9953409698782574,0.5016173068511345,7.32218527200955e-11,7.539752976718521e-10,Down
PAEP,206859_s_at,0.9950554817068964,1.993157175004847,4.526118187463667e-06,1.9959527324609715e-05,Up
WISP2,205792_at,-0.994731767023926,0.5018291681351624,6.664225509163284e-19,2.450477508592169e-17,Down
PRKCH,218764_at,-0.9939703648265326,0.5020940852977545,1.4793615848533738e-22,9.031401149393898e-21,Down
MCM2,202107_s_at,0.9934385626840267,1.990924569809374,1.120380492415953e-16,2.919934328947916e-15,Up
NOTCH4,205247_at,-0.9927109722691752,0.5025325768795043,8.264406166093808e-31,1.6895024091657644e-28,Down
IGLL5,217235_x_at,0.9922136918863451,1.989234960866313,3.629598551258866e-07,1.9630364653921916e-06,Up
ADAMDEC1,206134_at,0.9918826760932467,1.9887785978547272,2.0611526236687307e-08,1.3896721305056075e-07,Up
MRPL3,208787_at,0.9912265205109083,1.9878742823661981,6.37099093789729e-21,3.113262962043099e-19,Up
CCDC68,220180_at,-0.9900718546263203,0.5034526995235181,3.2414151758971597e-16,7.82540133960091e-15,Down
TFPI,213258_at,-0.9900106147030296,0.5034740706783394,9.337375499320623e-07,4.6819248031359466e-06,Down
PNPLA6,203718_at,-0.989443882187544,0.5036718887686292,3.687673913350401e-21,1.8846889406235546e-19,Down
C3orf14,219288_at,0.9893601865605239,1.9853043431498543,1.8151784624388076e-17,5.371530103389635e-16,Up
AKAP12,210517_s_at,-0.9890223732156969,0.5038190669531502,3.7378508491063245e-09,2.8602517331949254e-08,Down
EDNRA,204464_s_at,-0.9887203718522173,0.5039245431399217,4.4562655400676906e-11,4.790109263353996e-10,Down
CX3CL1,823_at,-0.9861518783075311,0.504822501306438,1.4281540212579608e-08,9.88616217946292e-08,Down
ZNF106,217781_s_at,-0.985763759584799,0.5049583286408666,8.502485274686522e-33,2.255486659236188e-30,Down
HMMR,207165_at,0.982361212523573,1.9756963228601019,1.5367668771870925e-15,3.337600031614033e-14,Up
LAPTM4B,214039_s_at,0.9814965584954258,1.974512578603821,5.830010879598412e-15,1.1496471896468267e-13,Up
TENC1,212494_at,-0.9780465939141489,0.507666654344193,2.6466269650047967e-24,2.0620555475944715e-22,Down
PTTG1,203554_x_at,0.9752765349412353,1.9660180061570698,3.813176589690972e-19,1.470052144430518e-17,Up
PAFAH1B3,203228_at,0.9750380800116094,1.9656930809781907,1.8776600371990904e-21,9.844682025625255e-20,Up
ST14,202005_at,0.9745525026903543,1.9650315861084084,1.1086197807320184e-27,1.4531396808265628e-25,Up
TSPAN12,219274_at,-0.9733682163402548,0.5093155900586253,2.3871232502670153e-09,1.8949863692803673e-08,Down
MUC4,204895_x_at,0.9723097791611517,1.961979243941575,1.4244026127860888e-05,5.773001713479887e-05,Up
NFKBIA,201502_s_at,-0.9723033321639676,0.5096916656054515,8.909920084757537e-15,1.708603694050363e-13,Down
MAL,204777_s_at,-0.9714435027836021,0.5099955264199981,1.02783482575751e-15,2.3087946998341328e-14,Down
MGLL,211026_s_at,-0.9709096077002126,0.5101842943053813,2.1024942970344246e-11,2.3964133207579583e-10,Down
CD69,209795_at,-0.9705390228986621,0.5103153620812613,3.0994225063837077e-08,2.02297691006878e-07,Down
CKS2,204170_s_at,0.9704640131900044,1.9594707172940264,2.9937305931351147e-09,2.334942205349309e-08,Up
H2BFS,208579_x_at,0.9696842962508825,1.958411990622098,5.710670047970696e-11,6.013745778777458e-10,Up
MMP19,204575_s_at,-0.9687927414324395,0.5109334371359981,4.1637952857463426e-14,7.322955828909688e-13,Down
SMPDL3B,205309_at,0.9674571592751589,1.9553910563624157,2.359307439701273e-16,5.860919473674857e-15,Up
DIXDC1,214724_at,-0.9659659333824795,0.5119355384974595,5.786434434847921e-20,2.4988201261960508e-18,Down
RHOB,212099_at,-0.9649588792916912,0.5122930130439217,1.3956413449970772e-10,1.3840265282852634e-09,Down
BASP1,202391_at,0.9628274978145708,1.9491261919933018,6.903828400652803e-09,5.0754869103182584e-08,Up
MFAP2,203417_at,0.9621176785439793,1.9481674398007764,4.480200894493139e-12,5.6658522435863e-11,Up
PDZRN3,212915_at,-0.9618748115964104,0.5133893197663946,2.7848286576834425e-11,3.1104930816621627e-10,Down
SOX17,219993_at,-0.9590429932931039,0.5143980243075096,4.027453472720263e-20,1.7771038758935766e-18,Down
KDELR3,207265_s_at,0.9589637581266732,1.9439131423999807,3.75164686411998e-17,1.0622356680201464e-15,Up
CSF3R,203591_s_at,-0.9579659138543315,0.5147822041861383,2.2826826142086815e-17,6.666450418402628e-16,Down
TCEAL2,211276_at,-0.9576122081748775,0.5149084288603911,1.8494253696643106e-13,2.9248222506905485e-12,Down
GGH,203560_at,0.9572683463296991,1.9416300559432862,7.038131565618071e-09,5.162300384353769e-08,Up
KRT6A,209125_at,0.956179941238215,1.9401657942499557,4.076379989100784e-05,0.00015179474481472725,Up
SERPINE2,212190_at,0.9561228216073143,1.9400889801228525,2.795702321873274e-09,2.195089317769632e-08,Up
PDE2A,204134_at,-0.9560247744764272,0.5154753073946208,4.37365407320484e-24,3.2925045173386303e-22,Down
CCND2,200953_s_at,-0.9546025158121019,0.51598373134922,4.5612685201597246e-18,1.4603268165907924e-16,Down
AKAP13,221718_s_at,-0.9544023311122434,0.5160553329088476,1.342225149990024e-19,5.559257066399202e-18,Down
PLAC8,219014_at,-0.9541558051650245,0.516143523341657,5.888977992255307e-09,4.378515068449283e-08,Down
CPM,206100_at,-0.954116370319845,0.5161576318798715,9.603822692664668e-06,4.0052775792746926e-05,Down
CTDSPL,201906_s_at,-0.9534339991692438,0.51640182373979,2.183949919492229e-19,8.752689938137651e-18,Down
TSC22D3,208763_s_at,-0.9533871103085865,0.5164186075270455,7.278794715718337e-13,1.051156076800724e-11,Down
ACKR4,220351_at,-0.9532931682836008,0.5164522355550637,7.025398587480342e-24,5.13268710573195e-22,Down
NCF2,209949_at,-0.9529022713057689,0.5165921868021222,1.4074299741573735e-10,1.3950961794550158e-09,Down
MGP,202291_s_at,-0.9519604198891649,0.516929549810089,4.7372791531711955e-07,2.5121559107594898e-06,Down
RACGAP1,222077_s_at,0.9510576332726952,1.9332894242914862,1.8225899884740327e-11,2.093441892431282e-10,Up
FGFR4,211237_s_at,-0.9503099675939453,0.517521258895144,7.051823331005034e-26,7.342793424522672e-24,Down
EREG,205767_at,0.9488691838328611,1.9303590067799192,3.711044066289462e-05,0.00013923757354626718,Up
FCER1A,211734_s_at,-0.9486342051917669,0.5181227349599498,1.874854261915361e-06,8.903959402868712e-06,Down
HN1L,212115_at,0.9482070277399739,1.9294732300510067,3.099559000978282e-22,1.8127945726718914e-20,Up
SNRPE,203316_s_at,0.9481723816604521,1.9294268946312572,2.1034449665069414e-19,8.460480900482703e-18,Up
TTN,208195_at,-0.9456401659444076,0.5191991167084554,3.4790094704449675e-22,2.0083618660602384e-20,Down
AHCY,200903_s_at,0.944708294338847,1.9247996620711498,3.4247501254627015e-16,8.24122106324896e-15,Up
ERO1L,218498_s_at,0.9446288903349753,1.9246937265895696,2.8441832566597625e-16,6.934019202204539e-15,Up
TJP2,202085_at,-0.9433008192755103,0.5200416870059763,6.354657905085256e-14,1.078452719718315e-12,Down
PTPRM,203329_at,-0.9432847225809287,0.5200474893402656,3.822223196425889e-21,1.9406984550009996e-19,Down
GADD45B,209304_x_at,-0.9424691690362401,0.5203415545882866,1.0918993224002763e-11,1.301111903799217e-10,Down
GIMAP4,219243_at,-0.9421532823430709,0.5204554989524355,5.2822502367072876e-17,1.4531405188215863e-15,Down
ARAP3,218950_at,-0.940696446050314,0.520981321383564,1.0730636469043785e-30,2.0974629161377425e-28,Down
ELOVL6,204256_at,0.9405448180626319,1.9192528867547503,4.510872488106672e-06,1.9896768458759412e-05,Up
MS4A4A,219607_s_at,-0.9392844978817765,0.521491449082005,1.051324344976726e-06,5.217519015393404e-06,Down
ZNF331,219228_at,-0.938879858434909,0.5216377347491858,6.030983817296232e-17,1.6469168186374013e-15,Down
ASNS,205047_s_at,0.9384705300397593,1.9164953929257904,3.8182225809287613e-10,3.4769699129887856e-09,Up
LAMA3,203726_s_at,-0.9383576275098502,0.5218265928653092,2.833117807538736e-09,2.220806707259839e-08,Down
CBFA2T3,208056_s_at,-0.9378638948399027,0.5220052078332331,1.1229324861119259e-23,7.84398262947713e-22,Down
PPAT,209433_s_at,0.9376084163321581,1.9153504916574755,8.335814043748904e-15,1.6109882422971104e-13,Up
PTPRD,214043_at,-0.9363861281917654,0.5225401768160012,2.7547856397440252e-25,2.6121229110815367e-23,Down
MAOB,204041_at,-0.9360899519609411,0.5226474620445217,4.734649677362397e-16,1.1093816904381312e-14,Down
CCDC102B,220301_at,-0.9350186914887431,0.5230356934266506,7.238686332001925e-16,1.6577558842343155e-14,Down
GAPDH,212581_x_at,0.9343045188951375,1.9109691907211852,2.663364322545766e-25,2.5362285127900554e-23,Up
KCNK1,204679_at,0.93412412839022,1.9107302634795476,4.591627886293396e-08,2.9141339843428007e-07,Up
C1QA,218232_at,-0.933984723008793,0.5234106834601224,5.0871944413621206e-08,3.204995820747085e-07,Down
TJP1,202011_at,-0.9324343782624958,0.5239734518516567,4.077521704647795e-18,1.3225533645511908e-16,Down
SEPT10,212698_s_at,-0.9323169031150549,0.5240161194722731,1.287206869388343e-13,2.090585325844056e-12,Down
PLN,204939_s_at,-0.9319403544553122,0.5241529074381426,3.131461557928222e-07,1.7203737153677164e-06,Down
FZD4,218665_at,-0.9318700209570707,0.5241784612836796,2.733674710212397e-35,1.384419853810519e-32,Down
SETBP1,205933_at,-0.9314012261671367,0.5243488174944998,1.6313401998699054e-20,7.652874457621284e-19,Down
CPD,201941_at,0.9306794524873343,1.9061735173002434,2.0184637744864335e-10,1.9470115842466976e-09,Up
IDH2,210046_s_at,0.9303610045422239,1.9057528115838542,8.907268255198784e-16,2.0109489212826193e-14,Up
TUBG1,201714_at,0.9277946046013419,1.9023656950221397,2.886693194838405e-16,7.029965514817943e-15,Up
PRAME,204086_at,0.9270741708082308,1.90141595418742,2.448518214199327e-08,1.628666607970257e-07,Up
ANKS1A,212747_at,-0.9263689466745291,0.5261809975931764,1.2943374581879046e-21,6.867076566857399e-20,Down
ARHGEF15,205507_at,-0.9260038339817047,0.5263141786657684,4.335406255162376e-29,6.851479261261222e-27,Down
KIF2C,209408_at,0.9259163047519348,1.8998905439646114,1.420967428956579e-15,3.0981817240156016e-14,Up
RETN,220570_at,-0.9255899765615769,0.5264651809685439,5.981472336080943e-14,1.0205600923804873e-12,Down
SEZ6L2,218720_x_at,0.9252796356344151,1.8990522969760772,7.69113122783392e-13,1.1049740628615296e-11,Up
KLHL7,220239_at,0.925254694761783,1.89901946702192,2.181499417251032e-12,2.912543529934376e-11,Up
H2AFV,202487_s_at,0.9252442982793792,1.8990057821815505,1.690266491095294e-20,7.896060423705752e-19,Up
MRPL13,218049_s_at,0.9244775669299816,1.8979968091243684,7.250357792180293e-15,1.4159484897734746e-13,Up
ITPR1,203710_at,-0.9225326461900032,0.5275820384053217,5.033819479336079e-14,8.72228611648879e-13,Down
LPGAT1,202651_at,0.9215795836161149,1.8941880745999589,2.748229150086632e-10,2.5741399811425146e-09,Up
FUT8,203988_s_at,0.9209030080939495,1.8932999722694543,2.28694096360632e-15,4.816626227981061e-14,Up
ALDH18A1,217791_s_at,0.9166028718916319,1.8876651525344943,3.984394690093054e-22,2.2882543010140084e-20,Up
KCNJ8,205303_at,-0.9164334314612939,0.5298171938550279,3.4600658404828414e-29,5.507189080248511e-27,Down
SELE,206211_at,-0.9163435377343436,0.5298502075721723,2.5688812356078434e-07,1.429272923172274e-06,Down
NDRG2,206453_s_at,-0.9141030720102066,0.5306736896305538,1.7292160820432512e-24,1.3663873034102755e-22,Down
CCL19,210072_at,0.9131806552149877,1.8831927289416945,3.066427717447071e-05,0.0001169419969670941,Up
H2AFX,205436_s_at,0.9124289073479908,1.8822117057150731,1.704873076947543e-15,3.677607625713659e-14,Up
FGB,204988_at,0.9123697368536243,1.882134510528205,4.7942586927278015e-05,0.00017649176680993489,Up
IGK,211908_x_at,0.9122033474324454,1.8819174520338964,7.113867439139921e-09,5.2092772969554664e-08,Up
ZNF217,203739_at,0.9116251957554553,1.8811634356149494,1.328049686854102e-15,2.91269007600098e-14,Up
FRMD4B,213056_at,-0.9114962126583395,0.5316334505193372,2.8131256522587636e-15,5.804155454563151e-14,Down
AURKA,204092_s_at,0.9113050139827577,1.8807459895194871,2.532414014337731e-15,5.268887159802769e-14,Up
PKP3,209873_s_at,0.9106475474074607,1.8798890891513398,2.5989609221296245e-20,1.1770863054433826e-18,Up
AGTR2,222321_at,-0.9097648830992249,0.5322718288269366,4.4155979519047496e-16,1.0445092267759399e-14,Down
SEPP1,201427_s_at,-0.9078869908314591,0.5329651146150941,1.3379608392661478e-16,3.4426999285643845e-15,Down
MFNG,204153_s_at,-0.9069260006414517,0.5333202450145974,7.265042914485455e-30,1.2950956101078351e-27,Down
HSPE1,205133_s_at,0.9068946196868399,1.8750052299045616,5.929192942984446e-12,7.352265239205478e-11,Up
RCAN2,203498_at,-0.9063544531108372,0.5335315705184089,2.6428468655159668e-12,3.4600797123555984e-11,Down
LDHA,200650_s_at,0.9039925695390547,1.871237358011377,2.6483912506517085e-28,3.7588600151765617e-26,Up
ASPA,206030_at,-0.9029647838036592,0.5347865979280056,3.7098265375642214e-33,1.164310770937233e-30,Down
RAB25,218186_at,0.9025840576949307,1.8694113492427027,1.3336118630266686e-18,4.6651292219502755e-17,Up
ZFPM2,219778_at,-0.9024347302712901,0.5349831173565608,5.4075655842863626e-12,6.754304031090416e-11,Down
CYB5A,209366_x_at,-0.9022874562061975,0.5350377326133218,3.712541022463624e-14,6.56039267276423e-13,Down
ZCCHC24,212423_at,-0.9015872942410255,0.5352974576259689,2.668020531380712e-16,6.540319197002905e-15,Down
CHI3L2,213060_s_at,-0.9013539005123183,0.5353840630223744,4.075823353221671e-12,5.1923207309120364e-11,Down
UNC13B,202893_at,-0.9009467597821992,0.5355351742499417,4.376200719139924e-15,8.856937386430057e-14,Down
MCAM,209087_x_at,-0.9005801745584083,0.535671269696567,6.003952836362602e-10,5.292170927716292e-09,Down
KIF14,206364_at,0.9003628982853629,1.86653543594112,6.373991164750789e-16,1.4733573145657866e-14,Up
CTSH,202295_s_at,-0.9002347319130912,0.5357995475727774,1.0311045213994882e-09,8.746137057611265e-09,Down
SLC26A2,205097_at,-0.899241398561573,0.5361685866375936,2.8469394668882004e-10,2.6554354181946324e-09,Down
TMED3,208837_at,0.8975251792667098,1.8628676494887717,1.8760995852107047e-17,5.537102921490084e-16,Up
SGK1,201739_at,-0.8951845231695987,0.5376784208385894,7.62007341311997e-14,1.2786001194619902e-12,Down
RNF128,219263_at,-0.895025290607669,0.5377377685420016,0.00010683618058093881,0.0003695483719163396,Down
SLC35A2,209326_at,0.8941663269831102,1.8585356050097936,4.496476885948463e-14,7.864599250360251e-13,Up
NARF,219862_s_at,0.8939618349887368,1.8582721891749427,2.6904923978756627e-20,1.213608139713834e-18,Up
DAPK1,203139_at,-0.8938949696893062,0.5381592397461706,4.701306452775001e-15,9.429271979044586e-14,Down
SIX1,205817_at,0.8935234570042239,1.857707619504875,1.166015512400874e-11,1.379104228387934e-10,Up
HCK,208018_s_at,-0.8928974144957742,0.5385314800138954,1.8714816380181675e-10,1.8147038126012104e-09,Down
MS4A2,207496_at,-0.8924168992438437,0.5387108773789993,5.30250753308165e-15,1.0559050523651333e-13,Down
ARRB1,221861_at,-0.8915089094183664,0.5390500328764437,7.89481293044775e-25,6.6384949633648e-23,Down
NR2F1,209505_at,-0.8914465880844435,0.5390733191855801,1.3069883188296674e-11,1.534437339751395e-10,Down
TTC28,213058_at,-0.8898939666435624,0.5396537795785533,2.408711376776897e-27,3.049620205040886e-25,Down
PLCB4,203895_at,-0.8878012666481352,0.5404371418990892,5.3733217507648685e-15,1.0690511479669069e-13,Down
NUDT21,202697_at,0.8875497876326559,1.8500314388228845,7.4497429694006e-14,1.2537962431053894e-12,Up
HPCAL1,212552_at,-0.8867261276277265,0.5408400417515424,4.581370047940536e-21,2.2889387618443714e-19,Down
KIF20A,218755_at,0.8866416551555227,1.84886726696458,1.8218611458638055e-14,3.357860373307128e-13,Up
SELP,206049_at,-0.8860676325000032,0.5410869559031638,7.0400923668163805e-25,5.987571687395778e-23,Down
TNFSF13,210314_x_at,-0.8843206175376448,0.5417425758050831,8.243978022008768e-15,1.5946229363231023e-13,Down
PTPN13,204201_s_at,-0.882589415540461,0.5423930450566038,9.991704381186335e-08,5.969038839838475e-07,Down
HILPDA,218507_at,0.8820570383061224,1.8430012357452912,8.320184084129657e-10,7.166550519778166e-09,Up
AVL9,212474_at,0.8813906685742428,1.8421501642308407,1.44942087289398e-12,1.9899843074982475e-11,Up
JAM3,212813_at,-0.8811224000844433,0.5429448620735202,4.954282806001612e-19,1.8585232957261602e-17,Down
LMNB1,203276_at,0.8808429329739571,1.8414509036938826,3.997992729509192e-20,1.7676046030089946e-18,Up
ATIC,208758_at,0.8805490349539067,1.841075811496308,4.671812111106393e-19,1.770441994418091e-17,Up
C10orf10,209183_s_at,-0.879517785266362,0.5435490798915259,1.7329972184113835e-10,1.6870413725583601e-09,Down
BTG2,201236_s_at,-0.8793586768462305,0.5436090288079741,3.542605562982885e-11,3.875300920959628e-10,Down
DRAM1,218627_at,-0.8766052357023231,0.5446475190500281,1.8504534035473514e-09,1.507629001508067e-08,Down
MTX2,203517_at,0.8757596774187197,1.8349740711640534,1.936064079079592e-16,4.880239352277212e-15,Up
KRT18,201596_x_at,0.874890458705142,1.833868838690256,1.2006630421413455e-11,1.419139596120406e-10,Up
PPP1R3C,204284_at,-0.8743193565816334,0.5455111702008367,6.139009177448991e-10,5.3984033741553226e-09,Down
HIST1H2BH,208546_x_at,0.8742046393437732,1.8329972727473027,2.701242573492859e-11,3.0262336985993656e-10,Up
RPL23AP32,207283_at,-0.8728389513617172,0.5460712276253488,1.9234952553247872e-22,1.1647077384348433e-20,Down
LAMA2,213519_s_at,-0.8724592321886018,0.5462149731844681,3.1093389340509244e-13,4.781601067457332e-12,Down
EIF2AK1,217736_s_at,0.8716818195401128,1.8297947380449255,3.976994692013961e-24,3.0349100247310646e-22,Up
FKBP1B,206857_s_at,-0.8713933572262516,0.5466186704083172,8.436001683539748e-11,8.587456624683243e-10,Down
DTL,218585_s_at,0.8703007078944394,1.8280438887675357,1.2209244673414487e-08,8.573180742531166e-08,Up
MCM6,201930_at,0.8702085038388461,1.8279270604223283,5.011488717006512e-15,1.0006362283248755e-13,Up
UCHL1,201387_s_at,0.8699995746600955,1.8276623616215368,1.5105942204422197e-05,6.090206443660934e-05,Up
SLC35A1,203306_s_at,-0.8690084430833949,0.5475230311186771,4.271033126673537e-14,7.49971876766481e-13,Down
ATP8A1,213106_at,-0.868717434600633,0.5476334840646417,8.411045185930585e-09,6.06744318155038e-08,Down
N4BP2L1,213375_s_at,-0.8685778990341309,0.5476864530163158,2.538473684503472e-16,6.2433564141049525e-15,Down
PYCR1,202148_s_at,0.8685539104686866,1.8258318551142703,2.8566819643877235e-23,1.9058516231272945e-21,Up
IRAK1,201587_s_at,0.8680864152237913,1.825240302911852,5.9593400344250765e-21,2.931390154240485e-19,Up
ESRP1,219121_s_at,0.8676281604282199,1.82466062926494,1.0611104138384855e-19,4.4361582273101266e-18,Up
ID2,201565_s_at,-0.8668297610295532,0.5483504961982096,2.821256141483217e-15,5.813163910087522e-14,Down
SNRPD1,202690_s_at,0.8663898086512987,1.8230950854854997,7.058076866357631e-12,8.632004764711695e-11,Up
UGDH,203343_at,0.8662742587969756,1.82294907407653,4.545461006513187e-09,3.4392702074069054e-08,Up
VGLL3,220327_at,-0.8662075964623499,0.5485870242334937,1.6193647762255403e-18,5.577172381550806e-17,Down
RASSF2,203185_at,-0.8660195640918325,0.5486585284932921,3.7477418694801614e-18,1.2209200596144216e-16,Down
PPARG,208510_s_at,-0.865486843713934,0.5488611600543705,2.209345155887031e-12,2.9444281165448996e-11,Down
CLDN10,205328_at,0.8654267296622153,1.8218784744826488,3.5678964345439033e-07,1.932039763084855e-06,Up
KIAA0754,215268_at,-0.8653855254169578,0.5488997070994317,2.467365096011081e-12,3.251348103750143e-11,Down
CRIP1,205081_at,-0.8650592884954253,0.5490238439362856,1.566821352414132e-05,6.302072237516987e-05,Down
SEC14L1,202084_s_at,-0.864883072779735,0.5490909076854295,4.428599901677194e-21,2.2266970891911436e-19,Down
FOXM1,202580_x_at,0.8645855809648149,1.8208165563341285,1.8329031972165552e-12,2.4678297246874017e-11,Up
RDX,212397_at,-0.8643279449380668,0.5493022304484774,1.3675075859620853e-13,2.211333203047398e-12,Down
PLA2G4C,209785_s_at,-0.8640251128268837,0.5494175450570963,2.1962124495225873e-16,5.480201793136822e-15,Down
DKK1,204602_at,0.8637650159482755,1.8197812207261364,9.958829437671625e-05,0.0003465218556521499,Up
DCLK1,205399_at,0.8622879191861355,1.8179189994682758,3.3357773625364263e-07,1.8160548978597406e-06,Up
CCNA2,203418_at,0.861723141206193,1.8172074702469247,4.472218033725047e-16,1.0534295395929727e-14,Up
TLE4,204872_at,-0.8612957189929622,0.5504579563814705,2.6131595100819237e-14,4.69588978735125e-13,Down
PPBP,214146_s_at,-0.8602706162044349,0.5508492216800127,2.380331421908171e-11,2.6924327448923743e-10,Down
NR3C2,205259_at,-0.8602598291449715,0.5508533404059774,5.043235973313371e-13,7.501897676458067e-12,Down
HCAR3,205220_at,-0.8593055657737532,0.5512178201029336,2.328084840344535e-09,1.8507568497109264e-08,Down
ACTG2,202274_at,-0.8581364639394788,0.5516646858138264,3.795473352748744e-12,4.8578134818667584e-11,Down
SIDT2,56256_at,-0.8574055415738933,0.5519442502450156,8.573134687963122e-19,3.091183822845991e-17,Down
MCTS1,218163_at,0.8570172246738181,1.811289591316992,6.905559379407677e-19,2.5308647968970602e-17,Up
RPL39L,210115_at,0.8568161065024595,1.8110371070081799,3.596341839150811e-14,6.370213450063396e-13,Up
LAD1,203287_at,0.8564641244113336,1.8105953124120162,1.3627705312385947e-17,4.137141110025832e-16,Up
CSRP1,200621_at,-0.8556644177431441,0.5526107690790686,2.1613287616376508e-16,5.411335819727165e-15,Down
MRPS12,204331_s_at,0.8551733680464455,1.808976125949121,8.200968582034356e-12,9.95870206612924e-11,Up
CCDC69,212886_at,-0.8541130560960593,0.5532053231810559,2.2497684530296318e-18,7.630379062231246e-17,Down
SIK1,208078_s_at,-0.8525120480826924,0.5538195748075446,1.6303934058690545e-06,7.826380065269312e-06,Down
GRIA1,209793_at,-0.8523823831826203,0.5538693526087837,2.0723776045128314e-22,1.2514577279501198e-20,Down
MARC2,221636_s_at,-0.851872541250529,0.5540651221343401,2.6524829670190423e-17,7.587327080113648e-16,Down
NT5E,203939_at,0.8517861056463749,1.8047338647621212,3.037627842273217e-06,1.383918650774363e-05,Up
PCDH12,219656_at,-0.8516983257927517,0.5541320333903751,1.8432164799718597e-26,2.063939337849897e-24,Down
HIST1H2BE,208527_x_at,0.8514353467638971,1.8042951376099552,3.90496621986996e-13,5.9072886814231035e-12,Up
SEC61G,203484_at,0.8502472738947962,1.8028098953162042,6.775320759092841e-15,1.3290006379829734e-13,Up
E2F8,219990_at,0.8502394245186471,1.802800086663581,5.702523853162863e-12,7.094882134004918e-11,Up
DCN,201893_x_at,-0.8494907673082341,0.5549805947444387,1.4249958606368899e-12,1.961283678972935e-11,Down
LAMC3,219407_s_at,-0.8494393220453924,0.5550003852274027,1.2870584686649563e-21,6.844755097198382e-20,Down
UBL3,201535_at,-0.8489051545935951,0.5552059158652857,7.114434023517025e-20,3.048671795115959e-18,Down
OLFML2A,213075_at,-0.848166226458126,0.5554903573740779,1.108033768816828e-20,5.30974547753664e-19,Down
ARHGEF10,216620_s_at,-0.8466952179148528,0.5560570383174911,4.30955705639943e-19,1.6471674080231304e-17,Down
SEL1L3,212314_at,0.8457753648676984,1.7972303933014928,1.8840496656067564e-14,3.466744731520673e-13,Up
GNAQ,202615_at,-0.8452367975545378,0.5566194405740573,2.4188648129957809e-23,1.6382846391484797e-21,Down
EGFL6,219454_at,-0.8450009496959883,0.5567104426433752,5.168192850467366e-10,4.596872122479949e-09,Down
MT1E,212859_x_at,-0.8447581838177349,0.5568041295746993,1.1016928816197174e-09,9.302395786711696e-09,Down
PIK3R1,212240_s_at,-0.8447137354141443,0.5568212845764322,6.516497473803044e-09,4.820953293783308e-08,Down
FERMT1,218796_at,0.844482480325123,1.795620510078002,2.1993514950378435e-15,4.649086945587946e-14,Up
DBF4,204244_s_at,0.8441550711840256,1.7952130533063198,2.486244183723249e-14,4.489544501288911e-13,Up
RGN,210751_s_at,-0.8429141520168884,0.55751628354353,2.9641698975274975e-21,1.5324964692947848e-19,Down
MAP3K8,205027_s_at,-0.8419956315390564,0.5578713503867789,7.683556814461936e-12,9.355885054462039e-11,Down
VCAM1,203868_s_at,0.841921671814216,1.7924360798345382,7.547015966305133e-06,3.1844377348452434e-05,Up
PUS7,218984_at,0.8410860050967646,1.7913981297476547,4.131387851508718e-13,6.216051012502955e-12,Up
FA2H,219429_at,0.8401301731667843,1.7902116638698296,2.554015417748516e-10,2.4135337384940707e-09,Up
BIK,205780_at,0.8392219522054907,1.789085025155421,7.977699192481743e-15,1.549843688806196e-13,Up
NES,218678_at,-0.8390737652206202,0.5590023428759537,1.8012169885948977e-18,6.155907692769955e-17,Down
CNPY2,202857_at,0.8384016618349719,1.7880680728273368,8.013752001860981e-19,2.898870711971887e-17,Up
ROR1,205805_s_at,-0.8381017637153381,0.5593790920732268,4.651702591045542e-19,1.765824341333353e-17,Down
KIAA0040,203143_s_at,-0.8376239844802988,0.5595643730691372,3.59839603622534e-23,2.3514093511791568e-21,Down
HSDL2,209513_s_at,-0.8366867935897222,0.559927990458307,4.746609132149875e-19,1.792689682910096e-17,Down
PLXNA2,213030_s_at,-0.8366030013919721,0.5599605122027461,6.889156263804723e-11,7.123483481501655e-10,Down
PRKDC,210543_s_at,0.8362963469218876,1.7854606603853356,9.754580110053406e-12,1.171588794176573e-10,Up
EGFL7,218825_at,-0.8361640902114704,0.5601308949323077,6.943541006815256e-18,2.1761311428250961e-16,Down
NACC2,212993_at,-0.8359297699581303,0.5602218778973636,1.3393260072381204e-13,2.170487375948148e-12,Down
ACAD8,221669_s_at,0.8339854331192802,1.7826029927743816,1.1865652275904647e-10,1.1845982511827205e-09,Up
WDR12,218512_at,0.8338342346189318,1.7824161807534833,2.6268316021798527e-23,1.76563964503069e-21,Up
LRIF1,220235_s_at,0.8332661398698109,1.7817144510692566,7.701145252533935e-09,5.593370914674501e-08,Up
EGR1,201694_s_at,-0.8331888801213907,0.5612872215357417,2.1425436542309744e-07,1.2101977248980685e-06,Down
NUP155,206550_s_at,0.8327946448370867,1.7811322543951773,3.3087185173793527e-12,4.264209064358827e-11,Up
CITED2,209357_at,-0.8310382407881747,0.5621245617402271,2.9452352087082247e-08,1.9336675355228453e-07,Down
SGCE,204688_at,-0.8309308995974689,0.5621663871869367,3.6904301397891995e-07,1.992581894958147e-06,Down
H1F0,208886_at,0.8300410346724139,1.777735925876963,1.1007442488453296e-14,2.0910387124484637e-13,Up
SLIT3,203812_at,-0.8297534242167526,0.5626253942951862,2.599695232176289e-33,8.91215520901296e-31,Down
SCN1A,210383_at,-0.8294650998979591,0.5627378468855232,6.667422835553308e-14,1.1288157125569777e-12,Down
SMAD7,204790_at,-0.8291036074021818,0.5628788683703225,2.9131121008037255e-15,5.988272780646625e-14,Down
SELPLG,209879_at,-0.8286612058230141,0.5630515013092176,1.9161028585713131e-16,4.835392978204368e-15,Down
TMPO,203432_at,0.8282580187287145,1.7755401925495677,3.457957634661483e-12,4.446259086737555e-11,Up
FYN,210105_s_at,-0.8270163895950056,0.5636938022483806,5.936818125521846e-18,1.871147359137246e-16,Down
RNASE1,201785_at,-0.8268557469335018,0.5637565724886568,3.43724012420033e-07,1.8676425673629835e-06,Down
SULT1A1,203615_x_at,-0.8265856184521443,0.5638621394729084,2.315582485730102e-15,4.8677475971248924e-14,Down
TUBB2B,214023_x_at,0.824759372395846,1.7712395879036524,5.605310800159454e-06,2.4191969893463702e-05,Up
MEST,202016_at,0.8245925427853642,1.7710347780736857,5.6511889346361395e-11,5.965203364779588e-10,Up
APOC1,204416_x_at,-0.8245301598293509,0.5646660663505925,9.066066013125908e-07,4.557165553135227e-06,Down
ASPH,210896_s_at,0.8244284927315242,1.7708334036844982,7.659838383528544e-07,3.903136947179661e-06,Up
NINJ2,219594_at,-0.8242963002076031,0.564757605651922,7.033675062940798e-10,6.124712052657671e-09,Down
CELF2,202157_s_at,-0.8237834450812827,0.5649584036806634,3.3561954264939356e-13,5.136408151687113e-12,Down
LOXL1,203570_at,0.8230952616491898,1.769197687537428,3.030682332015719e-08,1.9833390427109033e-07,Up
EEF1E1,204905_s_at,0.8229999652280133,1.7690808280245096,8.28877769356225e-13,1.1870104970799974e-11,Up
KLC1,213656_s_at,-0.8229581540218103,0.5652816795580599,1.245753381585518e-21,6.672866010064927e-20,Down
RFTN1,212646_at,-0.8219721194549621,0.5656681630362564,1.590202626741021e-13,2.5401064610516247e-12,Down
SLC35F2,218826_at,0.8210494329377198,1.7666906363463146,1.0886856636358878e-18,3.875268792779311e-17,Up
CDH19,206898_at,-0.8208892724739636,0.5660928972853919,5.040793415212718e-24,3.769261733932382e-22,Down
LOXL2,202998_s_at,0.8198323746836795,1.7652008837131834,1.4419248579148494e-09,1.1926656128031398e-08,Up
PSIP1,209337_at,-0.8193823016312471,0.566684520024633,4.55513418816414e-11,4.886954988678937e-10,Down
NCALD,211685_s_at,-0.8182857865552453,0.567115390236177,1.7588683963423098e-15,3.783095026611553e-14,Down
EGR3,206115_at,-0.8179646979743129,0.5672416224167962,1.3072261572332573e-06,6.383721337196728e-06,Down
SAR1B,218254_s_at,0.8178865654799434,1.7628217053042017,2.461150145924733e-14,4.447835255607528e-13,Up
KIF15,219306_at,0.8177491574472198,1.762653815125896,5.608405010974204e-13,8.238107373733565e-12,Up
TSC22D1,215111_s_at,-0.8174606582797335,0.567439836340699,8.085347978986505e-14,1.350568283476434e-12,Down
EMP1,201325_s_at,-0.8173520610239233,0.5674825513474431,2.9897189095192025e-07,1.6485995164765252e-06,Down
PKM,201251_at,0.8166702791562237,1.7613361575495303,1.7822421783404729e-16,4.51292073408645e-15,Up
RPA3,209507_at,0.8158265720981692,1.760306406105875,4.436806119467162e-21,2.2266970891911436e-19,Up
SLC39A4,219215_s_at,0.8152480713800117,1.7596006891326248,4.4118335633365255e-18,1.422704591777537e-16,Up
GPX2,202831_at,0.8149194652800809,1.7591999463160635,2.2761586329153894e-05,8.88556093362544e-05,Up
BEX4,215440_s_at,-0.8138211161052045,0.5688731457759285,6.242496937063507e-09,4.628679707965131e-08,Down
DPY19L1,212792_at,0.8129142603244182,1.7567565289571236,8.988066031823913e-09,6.450276179939847e-08,Up
MRPL12,203931_s_at,0.8109664767494706,1.7543863311122958,1.6255430502066652e-21,8.542918817866774e-20,Up
CXCL10,204533_at,0.8105157951879001,1.75383836632164,4.626440894985894e-06,2.0333527113011964e-05,Up
LAMB2,216264_s_at,-0.8098893421009867,0.5704256091615494,2.375336166054191e-14,4.2997250843367616e-13,Down
BET1,202710_at,0.8097988250457462,1.7529669851189873,1.666938058350578e-10,1.6298543551656836e-09,Up
PDIA6,207668_x_at,0.8095937078698014,1.7527177723139225,8.100001177116436e-19,2.925321332733964e-17,Up
CYP27A1,203979_at,-0.8087448653230123,0.5708783021138177,1.638151156712219e-15,3.540535618333499e-14,Down
PDLIM1,208690_s_at,-0.8085742630657968,0.5709458138767971,1.1341079489110873e-15,2.5296624049635392e-14,Down
CASKIN2,61297_at,-0.8078524371368756,0.5712315475884849,1.8979161243970575e-25,1.830790692638079e-23,Down
ALDOA,214687_x_at,0.8078309555911236,1.7505775275534512,7.143483855266918e-17,1.9224426418709265e-15,Up
GINS2,221521_s_at,0.807484021530259,1.7501566056439128,3.8499432210479857e-13,5.828008477894855e-12,Up
RGS2,202388_at,-0.8058128373553846,0.5720396932181809,6.288281568808797e-07,3.248070890073399e-06,Down
CXCL9,203915_at,0.8048593635893724,1.74697548533742,0.00026096751270352777,0.0008391254091735512,Up
TRAK2,202125_s_at,-0.8046751848951441,0.5724909590810393,2.1789219035120847e-16,5.4492611420830285e-15,Down
HLA-E,200905_x_at,-0.8034850998451812,0.5729634040527917,4.492439903656605e-15,9.051088460504532e-14,Down
DONSON,221677_s_at,0.8033409796456699,1.7451378245222247,2.0548325669214275e-16,5.167927098048552e-15,Up
CYCS,208905_at,0.8032483883800179,1.7450258262618548,2.2071877780081746e-15,4.65745883118903e-14,Up
SGPL1,212322_at,0.8015848811738202,1.7430148745243272,3.538742005246108e-18,1.1579117195726729e-16,Up
TOM1L1,204485_s_at,0.8006151882128778,1.741843718242407,5.8090170359902896e-11,6.111535722992051e-10,Up
LRRC59,222231_s_at,0.7996761484539068,1.740710333670696,2.888093582229509e-23,1.9210563968006014e-21,Up
SLC6A8,202219_at,0.79906984261084,1.7399789378620332,1.413737190931003e-08,9.801588620259969e-08,Up
RAD51AP1,204146_at,0.7990565200239272,1.7399628700771328,5.233239031719751e-12,6.55862009807712e-11,Up
PAFAH1B1,200816_s_at,-0.7990391431259702,0.5747318302120052,2.6120329161803748e-20,1.1806070886662736e-18,Down
NXF3,220110_s_at,-0.7985325512716397,0.5749336785442756,3.891893751581537e-10,3.5382728872497505e-09,Down
NME4,212739_s_at,0.7966051161118912,1.7370088639225296,5.125583583604963e-15,1.0215865741813004e-13,Up
GAB2,203853_s_at,-0.7962191165436288,0.5758563534612747,2.937474573388312e-25,2.761845819359146e-23,Down
EGR2,205249_at,-0.795680157898663,0.5760715207216283,1.820575450247801e-09,1.4860030314238736e-08,Down
SDC1,201287_s_at,0.7948200414785358,1.7348609581685785,7.109915084464821e-12,8.685868301925965e-11,Up
GSTA4,202967_at,-0.794761640600635,0.5764384036164508,1.7057745225554577e-09,1.3999916643131958e-08,Down
SDF2L1,218681_s_at,0.794621031231177,1.7346216620686417,2.4216620557127123e-14,4.3800239924875297e-13,Up
PER3,221045_s_at,-0.7943589935088031,0.576599306393731,1.4245892074909333e-08,9.864549816818044e-08,Down
XPOT,212160_at,0.7938769422769187,1.7337272387926579,6.876617299848763e-12,8.414698698107083e-11,Up
FAT4,219427_at,-0.7938279466583413,0.5768115879911841,1.813425918044443e-15,3.896679819844197e-14,Down
PRF1,214617_at,-0.7932089067593191,0.5770591427374858,2.2366754914184147e-09,1.7835223964944786e-08,Down
NOTCH1,218902_at,-0.7930117137076005,0.5771380227691439,9.549289934071767e-20,4.0377007134899655e-18,Down
NPM3,205129_at,0.7925907565795232,1.7321822820164394,2.972678286878813e-21,1.5333377376509397e-19,Up
IL18R1,206618_at,-0.7924912759261078,0.577346257085417,2.8291329503017713e-16,6.904881657346591e-15,Down
SOX9,202936_s_at,0.7911593716537677,1.7304645315892335,1.2734923068265991e-06,6.239496278148001e-06,Up
HOPX,211597_s_at,-0.7905042749451034,0.5781419747603964,3.8516850205470786e-05,0.00014402936283411738,Down
ARMCX1,218694_at,-0.7895422105724856,0.5785276385885502,5.340419064442856e-12,6.681670859796753e-11,Down
ZSCAN18,218312_s_at,-0.7891992170840965,0.5786651969755586,1.512288092684694e-09,1.247161938167766e-08,Down
CEMIP,212942_s_at,0.7888905839187172,1.7277453351230765,4.123643818554699e-08,2.6358908551019606e-07,Up
AMOTL2,203002_at,-0.7888575350893756,0.5788022619051235,2.3008399685132396e-12,3.060872657813762e-11,Down
SSFA2,202506_at,-0.7887212555791674,0.5788569391668876,1.0646506930328378e-12,1.5005446801297107e-11,Down
EPHX3,220013_at,0.7882943121020398,1.7270313983896026,2.047149991756994e-10,1.9713328982852676e-09,Up
DNAJC10,221781_s_at,0.7873523155661504,1.725904114700315,3.315834405226608e-11,3.648727805020469e-10,Up
PTGIS,208131_s_at,-0.7852982544542595,0.5802319909754943,1.8839635907702378e-09,1.5332491122400733e-08,Down
FKBP3,218003_s_at,0.7840833076294844,1.7219978096207584,4.6555440779896905e-16,1.0919946177878344e-14,Up
IL11RA,204773_at,-0.7836763713374442,0.5808846567280799,2.4665800684853317e-17,7.110323889528932e-16,Down
SC5D,211423_s_at,0.7826283674387753,1.7202620714081225,1.4653673442005126e-07,8.513153187757865e-07,Up
NRAS,202647_s_at,0.781518224628786,1.7189388520579854,6.167403999897388e-11,6.445978580192941e-10,Up
DLG5,201681_s_at,0.7805566026171675,1.7177934827161851,2.2801667829759194e-11,2.5804447143246525e-10,Up
CNIH4,218728_s_at,0.7802623117121756,1.717443111066638,7.503837789948298e-11,7.712546931430716e-10,Up
PCSK1N,218952_at,0.7802441499686807,1.7174214907213576,8.573918251978531e-08,5.187418420006451e-07,Up
TACC2,202289_s_at,-0.7799238250503162,0.5823975432757099,2.3665516924278434e-07,1.328309102326691e-06,Down
LBH,221011_s_at,-0.7788057281284306,0.5828490796573434,1.6914209029767994e-10,1.6518452159891863e-09,Down
PPIF,201489_at,0.7780459158349764,1.7148066485763043,4.829797471696525e-12,6.070072028303083e-11,Up
LRRC15,213909_at,0.777998756483111,1.7147505952551914,7.296585826315573e-10,6.3313793601164296e-09,Up
IGLC1,214677_x_at,0.7779852107002121,1.714734495158091,4.610028546545734e-06,2.0273389797252534e-05,Up
LONRF1,215322_at,-0.7776936203979625,0.5832985446124594,2.9458376637700253e-17,8.394130519410163e-16,Down
GALE,202528_at,0.776194632242083,1.7126075993272647,3.640823062847473e-16,8.71412033398821e-15,Up
SERINC1,208671_at,-0.775909291759671,0.5840204159459014,8.966811427226826e-13,1.2759097000823459e-11,Down
KANK1,213005_s_at,-0.7757456979771256,0.5840866444442349,1.0467350260251042e-12,1.4780986428971733e-11,Down
LYPLA1,212449_s_at,0.7753737396210418,1.71163340380547,7.090981428685114e-11,7.315200887749555e-10,Up
MEOX2,206201_s_at,-0.7736747595777649,0.5849256825059467,7.478116808000289e-13,1.075757758764819e-11,Down
GPR56,212070_at,0.7736092920763564,1.7095413183629666,2.075927929684566e-07,1.175849060934448e-06,Up
TFB2M,218605_at,0.7731044977195678,1.7089432599870082,2.1257545137485868e-13,3.3334403821153945e-12,Up
SLCO4C1,222071_s_at,-0.7727378406403949,0.5853056699064612,4.2991285143039595e-07,2.293734495222332e-06,Down
PRX,220024_s_at,-0.7723962173508081,0.5854442839022466,2.4866279410105287e-19,9.912259465033563e-18,Down
NCAPG2,219588_s_at,0.7719077540749453,1.7075262460588818,3.4499532972189895e-13,5.265432145337722e-12,Up
GALNT3,203397_s_at,0.7715642830316671,1.7071197734531103,1.6297716666808425e-06,7.825081242975482e-06,Up
FOXA1,204667_at,0.771420982761085,1.7069502167765023,2.1142497694342338e-13,3.3200724180622288e-12,Up
GPER1,210640_s_at,-0.7707093587695297,0.586129209863865,1.7549413695794348e-17,5.234987756136352e-16,Down
HIST1H1C,209398_at,0.7706078934679823,1.7059884668052565,2.4280785494201416e-06,1.1307183765251624e-05,Up
GOLT1B,218193_s_at,0.7697565727698796,1.704982076106863,7.279691385901846e-14,1.2270299784572679e-12,Up
CDK4,202246_s_at,0.7691398295443399,1.7042533625639948,1.2410083795325083e-11,1.4615956512221396e-10,Up
CD2AP,203593_at,0.76870061930014,1.7037346031683236,3.006737039972322e-09,2.3442659713682033e-08,Up
VAMP5,204929_s_at,-0.7671032715548929,0.5875961011728409,8.745701471709053e-10,7.498286490730774e-09,Down
RAD23B,201222_s_at,0.766824276549265,1.7015201974629224,5.130483314891438e-10,4.569246990636528e-09,Up
OR7E47P,222304_x_at,-0.765799844199508,0.5881272147431572,2.276491857075222e-23,1.5608328631140668e-21,Down
LTBP2,204682_at,-0.7655964334285681,0.58821014276384,6.453850882545921e-10,5.650733171543055e-09,Down
FZD5,221245_s_at,-0.7648137194419418,0.58852935452185,7.836509024163147e-07,3.986779237110215e-06,Down
ISG15,205483_s_at,0.764550363315978,1.698840447672061,3.6966678264458803e-05,0.00013881504748347413,Up
ARL1,201659_s_at,0.7640823424820553,1.6982894207762274,8.665680545656299e-15,1.6675074231335e-13,Up
FAM13B,218518_at,-0.7633286350263928,0.589135488008269,1.7244112780651675e-13,2.7387780833304437e-12,Down
TUBB2A,204141_at,0.7631126860714286,1.697148359154423,5.211581734148681e-07,2.7356814082929343e-06,Up
RNASE4,205158_at,-0.7629713248501044,0.5892814164053908,9.290199108223626e-09,6.645698450354642e-08,Down
NDN,209550_at,-0.7627605373437714,0.5893675206972926,2.835634353587124e-11,3.160902466282235e-10,Down
MANF,202655_at,0.7621930480112589,1.6960668659513387,1.566976487799346e-20,7.366442421441524e-19,Up
PCNA,201202_at,0.7620752062360996,1.6959283339940845,3.9018579995679835e-10,3.54443953544123e-09,Up
SHMT2,214096_s_at,0.7619270252575632,1.6957541520585464,9.087704762309646e-17,2.4107300621255455e-15,Up
SLC12A8,219874_at,0.7615858694517952,1.6953532024732907,1.7821743772002352e-16,4.51292073408645e-15,Up
NDC1,218073_s_at,0.761366052994723,1.6950949093935777,2.1741182989930987e-11,2.467950996253857e-10,Up
FOXO3,204131_s_at,-0.7611710514222345,0.5900172128315497,2.2927805208263145e-15,4.8243652828680606e-14,Down
DMXL1,203791_at,-0.7608978617656623,0.5901289494476318,1.1010343668502459e-11,1.3112960340205253e-10,Down
EIF4EBP1,221539_at,0.7604859361066154,1.6940611311900415,3.87661359859136e-11,4.212533278651974e-10,Up
MMP28,219909_at,-0.759566485710061,0.5906737951511313,5.900569725690918e-11,6.193962137594926e-10,Down
FAM3C,201889_at,0.7581808928451803,1.691356632830067,2.1056747239980508e-08,1.416261692570135e-07,Up
CCT5,208696_at,0.7578218980204063,1.6909358143466975,1.3089188702128898e-16,3.371865801728766e-15,Up
LAGE3,219061_s_at,0.7573155954134396,1.6903424976864985,8.090862017305896e-18,2.5144864481398504e-16,Up
FAM60A,220147_s_at,0.7565993702343423,1.6895035363285167,2.8907412575568413e-15,5.94777354036372e-14,Up
SLC31A2,204204_at,-0.75657024941626,0.591901800566707,6.756164396866701e-17,1.8337102467159645e-15,Down
SLC15A3,219593_at,-0.7561524084641107,0.5920732551177761,5.1688992059400125e-14,8.923253841178362e-13,Down
HIST1H2BK,209806_at,0.7561125786059133,1.6889335631758413,2.051766573452167e-09,1.6505239911998063e-08,Up
SGCG,207302_at,-0.7559221899380715,0.5921677429370108,4.2816520173012044e-23,2.7495115821764476e-21,Down
PLCE1,205111_s_at,-0.7556164415316697,0.592293253544069,1.4577343147358877e-16,3.725079556795847e-15,Down
OIP5,213599_at,0.755182159381774,1.6878446915827665,1.1004846579814282e-09,9.295716313040244e-09,Up
SCNN1B,205464_at,-0.7550595596706575,0.5925219235172321,3.81625082960595e-09,2.9172390132456054e-08,Down
RARRES2,209496_at,-0.7529488163873985,0.5933894505932921,2.0157252508825447e-06,9.524259068154315e-06,Down
VASH1,203940_s_at,-0.7527936013015459,0.5934532949586103,5.203105203256015e-14,8.973745607132646e-13,Down
PBX1,212151_at,-0.7523905876347623,0.5936190979804361,2.1151644729190928e-10,2.0298109366949243e-09,Down
FOXO1,202724_s_at,-0.7522330885988762,0.5936839069224132,1.5461181393190142e-17,4.649413022732199e-16,Down
SPINT2,210715_s_at,0.7522018349894406,1.6843615351932897,1.5650212829234002e-13,2.5052707792659574e-12,Up
PXDC1,212923_s_at,-0.7518848322990852,0.5938272352844773,1.1181869182067007e-13,1.8334480572774035e-12,Down
HYOU1,200825_s_at,0.7516237418902172,1.6836867406646854,1.0515972237345942e-16,2.7535535765544024e-15,Up
IGKC,214669_x_at,0.7516225127178036,1.683685306168583,9.71975311883241e-07,4.860530941358675e-06,Up
CSF3,207442_at,-0.7514698566608029,0.593998067839509,2.980156926212285e-08,1.9542918418713465e-07,Down
KLRF1,220646_s_at,-0.7509836145330713,0.5941983011212362,8.277783060035804e-10,7.1327857666967445e-09,Down
CDH13,204726_at,-0.7506292576717106,0.5943442669005393,1.2047248326354386e-17,3.682425712704455e-16,Down
MID1IP1,218251_at,-0.7505602138504539,0.5943727114297832,4.2458809757084325e-10,3.828853329895225e-09,Down
ABCG2,209735_at,-0.7504530383367332,0.5944168680707292,2.139573043352699e-15,4.540581535716971e-14,Down
LACTB2,218701_at,0.7495636630499716,1.6812842563645853,5.341570736928979e-06,2.31748872139775e-05,Up
KLF11,218486_at,-0.7494947590763505,0.5948118278927966,2.4599266884137257e-15,5.146905765063197e-14,Down
CEBPA,204039_at,-0.7494936143800075,0.5948122998422904,6.340982264174591e-10,5.557256905486455e-09,Down
NFIB,209289_at,-0.7492080577494775,0.5949300443427795,6.720480483158373e-07,3.4544974995667362e-06,Down
APOL3,221087_s_at,-0.7489936449060526,0.595018469213116,1.2277550717777607e-15,2.7148695319730283e-14,Down
HLA-DPB1,201137_s_at,-0.7481922248465818,0.5953490950184832,2.6060327336726094e-07,1.4484965678330445e-06,Down
MEF2A,212535_at,-0.747490270727651,0.5956388370791216,2.4489545413346654e-20,1.111406396019559e-18,Down
TARS,201263_at,0.7473111809915522,1.67866131272101,2.0212646331930052e-10,1.948089957674729e-09,Up
MMRN1,205612_at,-0.7472056394278699,0.5957563630820757,3.2010162802617127e-11,3.5311012758946406e-10,Down
SACM1L,202797_at,-0.7459716211527088,0.5962661650335357,6.90612068218548e-15,1.3534660260434393e-13,Down
HSPB2,205824_at,-0.7459542451593899,0.596273346578491,3.6015112884638105e-20,1.6018458291584648e-18,Down
ZNF146,200050_at,0.7447888788113985,1.6757290284628255,4.459426355845894e-12,5.642782367252359e-11,Up
CEBPD,203973_s_at,-0.7443683189299826,0.5969291785240382,5.705263597632531e-11,6.010893084919419e-10,Down
AIM2,206513_at,0.7443504172420843,1.6752198209594173,2.1889180286774588e-08,1.4663848472768818e-07,Up
SERPINB6,211474_s_at,-0.7440278843406052,0.5970700532843967,1.3804387931060925e-17,4.181134649279986e-16,Down
COLGALT2,209883_at,-0.7438539872357497,0.5971420262298472,1.216916284700348e-21,6.549890234777259e-20,Down
SHFM1,202276_at,0.7433705483648829,1.674082409102995,4.2506719002279033e-16,1.0087084340018996e-14,Up
MRPL17,222216_s_at,0.7433561321020417,1.6740656807641825,3.128460020594069e-17,8.89176972434919e-16,Up
PRKCZ,202178_at,-0.7425471701213944,0.5976831724413717,4.1098435197827823e-10,3.7167062967256388e-09,Down
SERPINH1,207714_s_at,0.7421860640950051,1.672708514804858,4.254636797775023e-12,5.395810696613722e-11,Up
CALU,200757_s_at,0.7418645723384945,1.6723358081204742,3.1584114040758423e-16,7.64157234712508e-15,Up
SEC24D,202375_at,0.7417689723099894,1.6722249946433005,2.6792288001494534e-10,2.520103645155351e-09,Up
FGFR3,204379_s_at,-0.7417029021776891,0.5980330401579178,7.000306274758077e-05,0.0002508246096163921,Down
MAP4,212566_at,-0.7415802088296992,0.598083901770367,2.3716569401743083e-17,6.88269389780076e-16,Down
HMGB2,208808_s_at,0.7413889690513731,1.6717845916141572,4.2750738512594526e-07,2.2822585200674264e-06,Up
IL20RA,219115_s_at,-0.7410043786069656,0.5983226656918993,1.1857790953359531e-12,1.658676433231076e-11,Down
TUBB6,209191_at,-0.740811516880715,0.5984026557467811,1.201138660989582e-11,1.419139596120406e-10,Down
TPI1,200822_x_at,0.7407082027480705,1.670995910632195,1.1169816409117732e-18,3.9696494265449825e-17,Up
SRI,208921_s_at,0.7401820504718497,1.670386607921453,7.699169793981298e-13,1.1054162404593123e-11,Up
CPSF6,202469_s_at,0.7399726515647469,1.6701441784839202,1.2948526722655748e-15,2.8454834414293694e-14,Up
PTPLA,219654_at,-0.7399235639440551,0.5987710752208967,2.8849338584160443e-07,1.5955567427918767e-06,Down
MRPL42,217919_s_at,0.7386195425035194,1.6685784783807376,4.4211502337364055e-12,5.5975278783152456e-11,Up
ACTL6A,202666_s_at,0.737490393899713,1.6672730493759798,7.837538503124506e-11,8.014863261364084e-10,Up
TBC1D2,222173_s_at,-0.7371215481140041,0.5999351440819664,4.3712836950275815e-19,1.6650481124153777e-17,Down
TM6SF1,219892_at,-0.7368334693170286,0.6000549516962674,1.984239811243799e-15,4.231082843439768e-14,Down
TUBB,211714_x_at,0.7365046702814908,1.666134271566237,1.362043431978344e-10,1.353116977029578e-09,Up
PLA1A,219584_at,-0.7361912153874028,0.60032214152869,3.1717286119206464e-10,2.932598699561318e-09,Down
ETNK1,219017_at,0.7360583889968355,1.6656189516078974,1.0638479281289983e-08,7.516082239219553e-08,Up
ATAD2,218782_s_at,0.736036899369811,1.66559414160825,3.080126271442243e-11,3.411255154400969e-10,Up
SLC18A2,205857_at,-0.7359288041410954,0.6004313438232846,6.895144336181471e-09,5.0707756185852047e-08,Down
HJURP,218726_at,0.7352632303965514,1.6647011787760502,2.0824671163552062e-14,3.7849604203705596e-13,Up
HLTF,202983_at,0.7351209102529914,1.6645369660918343,1.6864861745496975e-11,1.9542366836968752e-10,Up
GSAP,213142_x_at,-0.7350229141270255,0.6008084821291072,3.6240699398260526e-09,2.779867486029051e-08,Down
VSTM4,213381_at,-0.7341456904204771,0.6011739118937215,6.981096361295203e-27,8.408636228040055e-25,Down
MRPS30,218398_at,0.7331240541083739,1.662234648868776,5.606067826972695e-13,8.238107373733565e-12,Up
AXL,202686_s_at,-0.7328144742054832,0.6017288883626773,6.997462397201205e-09,5.136919613348249e-08,Down
CLDN7,202790_at,0.7322284140570048,1.661203036601674,1.3439340345506034e-11,1.5753225719037924e-10,Up
REV3L,208070_s_at,-0.7321823659623448,0.6019925900581901,1.5381591142077657e-13,2.465812916682852e-12,Down
SOD3,205236_x_at,-0.7312878696914122,0.602365951773414,3.1599105220530488e-15,6.471717478208463e-14,Down
GPD1L,212510_at,-0.7305267088954981,0.6026838417684217,3.8895064346855855e-10,3.5375457911877103e-09,Down
TSPAN4,209263_x_at,-0.7303195441618513,0.6027703907609318,6.134816556963205e-14,1.045123221244733e-12,Down
NMNAT2,209755_at,0.7293452118937376,1.6578864649857745,6.688568998709382e-08,4.1171652761945074e-07,Up
POLR2H,209302_at,0.7292033284634059,1.6577234263354323,7.351655803391472e-19,2.6811284168080553e-17,Up
HSPD1,200807_s_at,0.7286687310837454,1.6571092629817024,9.2875589862339e-15,1.7764349947660943e-13,Up
C11orf80,204922_at,0.7284780950267429,1.6568903089434355,1.8622378167898617e-19,7.547956675362382e-18,Up
PSMD14,212296_at,0.7276774663349723,1.655971066925499,2.4926612774940022e-15,5.20074637138566e-14,Up
ELMO1,204513_s_at,-0.7273662467195621,0.6040055676367705,1.2150097611429351e-21,6.549890234777259e-20,Down
P4HA1,207543_s_at,0.7272277899869817,1.6554549946012274,1.868043953828427e-13,2.952171873982897e-12,Up
HSD17B4,201413_at,-0.7267791292244876,0.6042514230628618,5.686664362599525e-15,1.1243650576025306e-13,Down
SLCO2B1,203473_at,-0.7261971966199816,0.6044952060677952,1.2387634430208316e-14,2.33531013543428e-13,Down
MTFR1,203208_s_at,0.7259618651984496,1.6540030159970631,2.8227093976191265e-15,5.813163910087522e-14,Up
ELN,212670_at,-0.7258046333810704,0.6046597140737889,8.55647909460663e-07,4.320508127467019e-06,Down
CHEK1,205394_at,0.7253920117544004,1.6533498265391096,1.3052137990496439e-11,1.5339704158345577e-10,Up
SIRPA,202897_at,-0.7253313596871909,0.6048581042201191,4.1266344575363243e-13,6.213094298464995e-12,Down
RAN,200750_s_at,0.7251358553979621,1.6530562936307616,1.2696073676783036e-09,1.0623605322559384e-08,Up
RAMP1,204916_at,0.7247642883402525,1.652630602714739,1.7289755019471678e-12,2.3349552187811357e-11,Up
FMO3,206496_at,-0.724731409652712,0.6051096889931381,2.9106622170406923e-06,1.3315189115647249e-05,Down
EGLN3,219232_s_at,0.7246845340964114,1.6525392454581915,2.3126879810213703e-12,3.072965192671389e-11,Up
CCRL2,211434_s_at,-0.724495558704783,0.605208620060259,5.640172495892257e-15,1.1171552331197082e-13,Down
SLC7A7,204588_s_at,-0.7242143623251227,0.6053265930582437,2.151553368018912e-15,4.5616616269805345e-14,Down
TK1,202338_at,0.7240655825703746,1.651830417689239,1.3493785519840656e-15,2.95365444733408e-14,Up
SFXN1,218392_x_at,0.7236028415323696,1.6513006819317575,3.6266615694019545e-16,8.689559113009005e-15,Up
NCAPG,218662_s_at,0.7230937426808559,1.6507180730328772,1.1407489892838898e-11,1.352810523055504e-10,Up
GCLM,203925_at,0.7230110419669291,1.6506234503672794,2.9534962890803175e-06,1.3494516672047717e-05,Up
IFT57,218100_s_at,-0.7226213794936669,0.6059953466071626,2.532672827404644e-06,1.17451714075042e-05,Down
IL6R,205945_at,-0.7223719190270934,0.6061001400306878,1.501717631421517e-10,1.4793445614927351e-09,Down
COL1A2,202403_s_at,0.7217570529239925,1.6491893535131243,1.46553227250546e-07,8.513153187757865e-07,Up
PDGFRL,205226_at,0.7215620615105545,1.6489664678560236,4.236901417352415e-08,2.703633284159904e-07,Up
OLA1,219293_s_at,0.7210097745401125,1.6483353376618557,2.7034894675503835e-18,8.99132176200376e-17,Up
WWC3,219520_s_at,-0.7207637698610156,0.606776126881668,2.422172694445551e-17,7.000424662818445e-16,Down
SMARCA2,217707_x_at,-0.7206118548909242,0.6068400234279863,1.0322125466440803e-19,4.331599280013191e-18,Down
CCND3,201700_at,-0.7202334020471461,0.606999232721262,2.5979783652748412e-12,3.407342667064114e-11,Down
MEX3D,91816_f_at,0.7202299216425088,1.6474445660946226,3.60788560632092e-08,2.3289256942540286e-07,Up
TACC3,218308_at,0.7201662325190039,1.647371839716901,1.0831268922263291e-13,1.7812041726552983e-12,Up
TCEB1,202824_s_at,0.7199669579700885,1.6471443095736988,2.7088548282041884e-12,3.540258776356242e-11,Up
ACVRL1,210838_s_at,-0.7189974986829695,0.6075194492571804,3.887149202823041e-24,2.9765410888833616e-22,Down
IL6ST,212195_at,-0.718588963117524,0.6076915081047585,8.600511871316567e-12,1.040984280437518e-10,Down
GPRASP1,204793_at,-0.7179722537265993,0.60795133375187,6.794473316389316e-16,1.5640624887304042e-14,Down
SERPINB5,204855_at,0.7176468746252658,1.644497568011899,0.00016499189137918218,0.0005517806266850243,Up
CSTA,204971_at,-0.7170763884919058,0.6083289683774925,2.1369768655461903e-05,8.402727279859849e-05,Down
ATP1B1,201242_s_at,0.7164207581836752,1.6431005375468,4.6593863596313975e-07,2.473793334564366e-06,Up
MRGBP,218586_at,0.7161464158212532,1.6427881158542161,7.659484185241484e-16,1.7487324395464752e-14,Up
CECR1,219505_at,-0.7161312940872566,0.608727608868921,5.704174823577228e-11,6.010893084919419e-10,Down
NPDC1,218086_at,-0.7156294478384932,0.6089393936168959,1.4813422698058958e-13,2.3850252744280907e-12,Down
SH2B3,203320_at,-0.7156292967558109,0.6089394573865763,1.528759036998173e-19,6.2851176423303125e-18,Down
HMGA2,208025_s_at,0.7154794043040118,1.6420287694250042,2.8176784194377258e-06,1.2953647249913523e-05,Up
ABHD11,221927_s_at,0.7153705175893741,1.6419048427697458,3.795740553032733e-16,9.055726632037302e-15,Up
ABHD6,221552_at,-0.7138756075964077,0.6096801127592943,5.039432983059507e-22,2.8573456784100507e-20,Down
SRD5A1,211056_s_at,0.713592286046798,1.639882316685322,1.9670532058218476e-14,3.598673775478508e-13,Up
MPDZ,213306_at,-0.7131165083085858,0.610000991049463,2.564735288715724e-12,3.3716812058084056e-11,Down
COL21A1,208096_s_at,-0.7129877759894443,0.6100554241372795,2.1693153698979407e-05,8.51036168792884e-05,Down
GUSBP11,213502_x_at,0.7125667661351152,1.6387170431212483,1.613091284358552e-07,9.319292996982529e-07,Up
ZBTB20,205383_s_at,-0.7122447029194205,0.6103697196094852,5.311713523582663e-13,7.859290335059262e-12,Down
IARS2,217900_at,0.7103049714560186,1.6361499464706237,9.278207501074086e-16,2.0904580156363383e-14,Up
CSGALNACT1,219049_at,-0.7102255094363112,0.6112245901110912,7.121981061622263e-07,3.6457409601683643e-06,Down
ALPL,215783_s_at,-0.7100829165992284,0.611285005204536,5.401629429606747e-07,2.8247948505028663e-06,Down
NDRG4,209159_s_at,-0.709974689349754,0.6113308639442104,7.554042498941449e-11,7.749338404570402e-10,Down
CD83,204440_at,-0.7097329003613702,0.611433328743808,1.7682664313389652e-13,2.800446402951397e-12,Down
VIM,201426_s_at,-0.709726384004222,0.6114360904687932,1.1649762927482485e-13,1.905959378216536e-12,Down
GJA1,201667_at,-0.7096441214859226,0.611470955568615,8.928322337241553e-05,0.00031380095684661435,Down
PDE8B,213228_at,-0.7095777556850802,0.6114990846547389,1.3420500508391305e-14,2.513016914525071e-13,Down
PFN2,204992_s_at,0.7095470979218845,1.6352906733266295,2.8798696129781922e-06,1.3195997241618971e-05,Up
CMAHP,205518_s_at,-0.7093222285862062,0.6116074016733708,0.00010712393390660301,0.00037048620506609264,Down
C3,217767_at,-0.7088991367864175,0.6117867909526119,2.7913178846123374e-06,1.2843059348093479e-05,Down
EPB41L3,206710_s_at,-0.7087437818761435,0.611852674037297,3.576850893341721e-09,2.7455380108967813e-08,Down
ICMT,201609_x_at,0.7085443082790235,1.634154409098349,6.0841115165578565e-18,1.9121615927145094e-16,Up
DOK2,214054_at,-0.7081044416460234,0.6121238808472174,2.033769368119148e-20,9.363322898718798e-19,Down
PCSK5,205559_s_at,-0.7080453083015463,0.6121489711629909,5.313849660766186e-09,3.9761085289070823e-08,Down
MAGED1,209014_at,0.7078853895510235,1.6334082159978882,2.1345337643551043e-11,2.4279640567189786e-10,Up
HMGB3P1,216548_x_at,0.707682714019354,1.6331787644391207,1.2027000105657426e-15,2.6696606850922383e-14,Up
RND1,210056_at,-0.7067365815439857,0.6127045280870816,0.00011129583419849606,0.0003839017141555863,Down
H2AFJ,220936_s_at,-0.7063088552828996,0.6128862079724556,1.467889765146012e-16,3.746733979009002e-15,Down
B3GNT3,204856_at,0.7062125549042939,1.6315153431169653,3.0108146179758813e-16,7.300324497536079e-15,Up
STX11,210190_at,-0.7050429748226561,0.6134242157495631,3.45802762366394e-19,1.3494786258862271e-17,Down
METTL1,204027_s_at,0.7046965465235715,1.6298018196224553,8.260691109822568e-12,1.0020303756133712e-10,Up
PSENEN,218302_at,0.7046138214894473,1.6297083684481528,9.725110083785173e-08,5.82382768064996e-07,Up
FCGRT,218831_s_at,-0.7041877407287132,0.6137879633315433,4.877427807776385e-13,7.2698143037244936e-12,Down
SATB1,203408_s_at,-0.7034776791755846,0.6140901301040651,4.737898356310577e-14,8.260922462728372e-13,Down
CLEC1A,219761_at,-0.7031794468370904,0.6142170872648435,1.0390744608517352e-23,7.327119054164309e-22,Down
FAT1,201579_at,0.7029626598831804,1.6278442374108857,1.0423703215017034e-07,6.205487008822458e-07,Up
MCM7,210983_s_at,0.7022115300379967,1.6269969314249608,9.316882337577151e-10,7.966542176831607e-09,Up
CDCP1,218451_at,0.7021391147839546,1.626915267292288,1.782978715586062e-10,1.7326696345139215e-09,Up
CYR61,201289_at,-0.7015534444950742,0.6149097363783697,1.6727478521287517e-05,6.702722601867465e-05,Down
RTN1,210222_s_at,-0.7013177584725536,0.6150101993760291,2.8103368452461564e-14,5.0299386283229e-13,Down
TFAP2C,205286_at,0.7012531411562346,1.6259164688763357,2.5003137875288606e-13,3.896118330594797e-12,Up
CKAP4,200999_s_at,0.701244682961299,1.625906936523524,1.1308134155776126e-11,1.3417420308474943e-10,Up
NFE2L3,204702_s_at,0.7008484057709365,1.6254603963099397,9.025411299055734e-12,1.0888643203944716e-10,Up
KIAA0355,203288_at,-0.7002213831083726,0.6154777537012721,6.165550967273628e-10,5.4174673581923595e-09,Down
PDIA3,208612_at,0.6995365655696766,1.623983039655729,8.640216678986705e-12,1.0452223032457153e-10,Up
C1GALT1,219439_at,0.6988671942818456,1.6232297304347294,1.564272410144816e-13,2.5052707792659574e-12,Up
AGTPBP1,204500_s_at,-0.6982573268912722,0.6163162234321415,1.3055394454027138e-18,4.58131267116672e-17,Down
TWF1,201745_at,0.697823373776215,1.622055714010692,1.233726665159081e-09,1.0342788291850942e-08,Up
CYP2B7P,210272_at,-0.6977094498771983,0.6165503197633744,2.4248707504686817e-05,9.42169048521249e-05,Down
GARS,208693_s_at,0.6968290007287123,1.620938102379274,1.81740109179493e-15,3.8974789401361554e-14,Up
PSMB3,201400_at,0.6967367757216714,1.6208344864066495,1.8190450557562277e-15,3.8974789401361554e-14,Up
STON1,213413_at,-0.6966654667667092,0.6169966379724126,1.3367558752800882e-18,4.6687979888505026e-17,Down
FAM69A,213689_x_at,0.6963596962005623,1.6204109016513382,4.531244107717772e-15,9.104572809041939e-14,Up
ERBB2,216836_s_at,0.6962787192107669,1.6203199522054137,1.0007819191432998e-09,8.514861971848092e-09,Up
INHBB,205258_at,0.6955830112040804,1.6195387768527658,0.0001449869017939949,0.0004896549155313107,Up
PLBD1,218454_at,-0.6954260246787438,0.6175269372873345,7.622399554278388e-08,4.647056888316971e-07,Down
S100A3,206027_at,-0.6948352474479194,0.6177798636162449,1.548317031436527e-10,1.5198743793612393e-09,Down
ZNF322,219376_at,0.6940664977206179,1.617837265504885,5.829359577655527e-07,3.0306957412248743e-06,Up
PARP1,208644_at,0.6939072391548144,1.6176586829114468,1.1645347776952871e-16,3.0173637734167537e-15,Up
TIAM1,213135_at,-0.6933426779514438,0.6184193310687162,2.364387383517193e-09,1.8782760808168845e-08,Down
TNFRSF17,206641_at,0.6928190319736105,1.6164389628679714,2.68535904351315e-05,0.00010356153611388634,Up
KRT4,213240_s_at,-0.6925080007952129,0.6187772236391866,8.673294197989701e-08,5.244695104852226e-07,Down
LAMB3,209270_at,0.6921909494225922,1.615735393428333,6.227817593911174e-06,2.6692529225836258e-05,Up
SMC2,204240_s_at,0.6919947770802306,1.6155157066344799,2.5635452537566747e-06,1.1871047150760595e-05,Up
MST4,218499_at,0.6915218467832469,1.614986210734721,4.582796311288189e-08,2.9093575556819006e-07,Up
BNIP3,201849_at,0.691408599053835,1.6148594435815293,3.1704857412995387e-07,1.7371018877152107e-06,Up
CYBRD1,217889_s_at,-0.6910636621924686,0.6193970159900184,2.7662257183610632e-14,4.954968463202538e-13,Down
PGK1,200738_s_at,0.6903888651900001,1.613718422800284,2.1478765910458928e-14,3.8974864884589277e-13,Up
SPAG5,203145_at,0.690166163667489,1.613469340490261,2.0668427060454117e-14,3.7596290627599925e-13,Up
SULT1C2,211470_s_at,0.6895584470686131,1.6127898305571289,3.452378927496661e-05,0.00013056578350544484,Up
CRLF1,206315_at,0.689200682058762,1.6123899343795727,4.333620766474357e-05,0.0001607826698956845,Up
SLC5A3,213164_at,0.6891569530302597,1.612341062528742,6.352340413486464e-09,4.707322960881905e-08,Up
GNA11,213766_x_at,-0.6887642196776937,0.6203850303874446,2.4579326006215216e-17,7.094574111353544e-16,Down
JAG1,209099_x_at,-0.6876716421924698,0.6208550364689632,5.391763076039934e-08,3.3786461367659683e-07,Down
SNRPG,205644_s_at,0.6876079560957056,1.6106108485855861,1.9045220546517443e-12,2.5596179097590363e-11,Up
TNNT1,213201_s_at,0.6873017377058384,1.6102690256024283,2.2188923145830645e-08,1.4852381329484658e-07,Up
SLC39A7,202667_s_at,0.6871359924342029,1.6100840390745232,6.902393508064563e-10,6.029244787934248e-09,Up
TDO2,205943_at,0.6867825001470775,1.6096895810972418,1.431985769675618e-05,5.800570606377349e-05,Up
EPS15,217886_at,-0.6857635947646035,0.6216766963014242,7.769528687886472e-16,1.7720410210048543e-14,Down
NKG7,213915_at,-0.6853556487153449,0.6218525105966611,2.7835962889536204e-07,1.542957117083421e-06,Down
PNISR,212179_at,-0.6850582011439119,0.6219807342219397,2.6304471770275145e-12,3.4478973203355357e-11,Down
MRPS33,218654_s_at,0.6841486053691046,1.6067534892644346,1.563210468431443e-19,6.414920601852273e-18,Up
CRBN,218142_s_at,-0.6839818621291354,0.6224449431529537,1.7501792287105826e-17,5.227780663988997e-16,Down
SCD,200832_s_at,-0.6839326937156933,0.6224661570276575,2.25691091414022e-06,1.057639240794669e-05,Down
MRPL9,209609_s_at,0.6834859901213974,1.6060156930740328,6.964179157150939e-17,1.878726442600416e-15,Up
TAGLN,205547_s_at,-0.6834207200334248,0.6226870927311533,5.953664961886809e-06,2.5601218901143144e-05,Down
DAP,201095_at,0.6833898862614287,1.6059087133158307,1.3542096222362804e-13,2.1914199718439388e-12,Up
KIAA0907,202220_at,0.6830431329570725,1.6055227778116734,2.150868364971012e-10,2.060524495986632e-09,Up
SPOCK1,202363_at,0.6825871813796622,1.6050154460770223,1.2025734144691817e-08,8.453294446251348e-08,Up
CCT2,201947_s_at,0.6825042277593223,1.604923161837812,2.9889855172141425e-07,1.6485995164765252e-06,Up
FPR1,205119_s_at,-0.6823012735105571,0.6231704488054995,2.8918911400492623e-10,2.690683441340249e-09,Down
MLLT11,211071_s_at,0.6811948793223079,1.603467240610053,0.00013779995150514843,0.0004673650882423142,Up
DDIT4,202887_s_at,0.6811709349363078,1.6034406281113276,3.3550783627052485e-05,0.00012720981990158422,Up
RANBP1,202483_s_at,0.6801329929176578,1.6022874531027385,1.3541213482489527e-13,2.1914199718439388e-12,Up
ARGLU1,218067_s_at,-0.6801274956270209,0.6241101173839406,3.905656953754621e-10,3.5464447392222588e-09,Down
TMEM140,218999_at,-0.679745777308586,0.6242752706404465,4.515106297474023e-15,9.080335164856828e-14,Down
FILIP1L,204135_at,-0.6796286944454604,0.6243259361657209,2.6996600743640307e-07,1.497921450125839e-06,Down
TNS3,217853_at,-0.6791043807878303,0.6245528740116049,1.2112257437982022e-11,1.4295414856491175e-10,Down
CAND1,207483_s_at,0.6787568651185776,1.6007598253149973,3.9757708100241986e-07,2.1347494207173304e-06,Up
HEBP2,203430_at,0.6781496308216077,1.6000862028917322,4.543969648564061e-11,4.877325418061319e-10,Up
RPP40,213427_at,0.6779658189795876,1.599882351039179,4.893088263421456e-14,8.491642194222766e-13,Up
HSPA5,211936_at,0.6773707147874717,1.5992225439929566,2.925223176079979e-17,8.346062488167757e-16,Up
EHF,219850_s_at,0.6772959739187199,1.5991396961402984,2.4831755248566154e-05,9.638146702731225e-05,Up
SMYD3,218788_s_at,0.677253357780085,1.5990924594405607,9.096821748221704e-11,9.209653749006099e-10,Up
FCN1,205237_at,-0.6770441525992252,0.6254453984765995,5.071936949767025e-07,2.6699260820141412e-06,Down
ALDH3B1,205640_at,-0.6764648928817714,0.6256965728809423,1.6732299959869663e-12,2.2624140777049497e-11,Down
QKI,212263_at,-0.6764118189697346,0.6257195914501953,2.936188586090962e-10,2.728402429685776e-09,Down
PURA,204020_at,-0.6756613230397619,0.6260451780492274,4.2678869796421043e-11,4.6009349572987426e-10,Down
CHN1,212624_s_at,-0.6756146696474286,0.6260654232172862,1.3233648177338724e-14,2.4801125511828327e-13,Down
ZDHHC13,219296_at,0.6743544138634752,1.5958824775045835,5.080939349209956e-13,7.547904767896362e-12,Up
SH3GL3,205637_s_at,-0.6739710781973942,0.626779075175845,3.0418682356401846e-23,2.005383132981368e-21,Down
KNTC1,206316_s_at,0.6738237122709343,1.595295533214462,7.935892607606385e-18,2.4697694828951544e-16,Up
INPP1,202794_at,-0.673788377353624,0.6268584546107486,1.3056519912986001e-12,1.8142803588748015e-11,Down
FAM134B,218510_x_at,-0.6736303823585459,0.6269271080121894,2.3721812660613455e-08,1.583562467095415e-07,Down
KLF10,202393_s_at,-0.673447259004222,0.6270066898213531,8.460694036044803e-11,8.604730497726442e-10,Down
CD44,212063_at,-0.6732738666256193,0.6270820520508983,1.8298488734677043e-09,1.4919327642693324e-08,Down
SPRY4,221489_s_at,-0.6731824866263221,0.6271217725536118,2.4281020894711647e-12,3.201502891105678e-11,Down
ADD1,214736_s_at,-0.6724086805566483,0.6274582267478672,4.1072165902762235e-13,6.1880397079868216e-12,Down
NUP107,218768_at,0.6711618837206164,1.5923548644696885,9.060515854870077e-08,5.456634453893782e-07,Up
DAAM2,212793_at,-0.671133484572132,0.628013081315572,3.4943030115966934e-15,7.130362088590579e-14,Down
PCCB,212694_s_at,0.6709675901034506,1.5921404299942319,5.907845107346467e-14,1.008770210934876e-12,Up
GJA4,204904_at,-0.6701381932610815,0.6284464865764093,1.1755213308373188e-26,1.378639042897262e-24,Down
DHCR24,200862_at,-0.6697688474539074,0.6286073963894226,7.053070758736327e-10,6.136804986994204e-09,Down
SPTAN1,208611_s_at,-0.6696721138993702,0.6286495462996742,1.462987852405083e-19,6.027190815549128e-18,Down
ATP10A,214255_at,-0.6691514307160471,0.628876473205667,8.409806095294023e-15,1.622473672912872e-13,Down
SRM,201516_at,0.6689381244528452,1.5899023113363275,2.5804248513658567e-19,1.0231246790566796e-17,Up
SLMO2,217851_s_at,0.6688189375003519,1.5897709684131243,2.8966107180969375e-06,1.326452458515291e-05,Up
MMP13,205959_at,0.6687794871833193,1.5897274969174515,8.561337563065775e-09,6.165878633412886e-08,Up
DCHS1,222101_s_at,-0.668727799468332,0.6290611628564179,2.2011339261299123e-15,4.649086945587946e-14,Down
CHPT1,221675_s_at,-0.6684679517406735,0.6291744749775522,1.759431671673231e-07,1.0094082373814265e-06,Down
TNFAIP3,202644_s_at,-0.6680690053747345,0.6293484837401118,1.7946300088802894e-07,1.0280138942899611e-06,Down
PITX1,208502_s_at,0.667702587513368,1.5885412876531262,1.389203967553184e-08,9.649511224746758e-08,Up
ENPP2,209392_at,-0.6675822693261857,0.6295608489770153,6.155100866015676e-05,0.000222906082557171,Down
C2,203052_at,-0.6670700869306856,0.6297843939529907,8.265990681426952e-11,8.423841467744895e-10,Down
PMM1,203467_at,-0.6666595982909911,0.6299636113991349,2.8451451155041343e-10,2.654873057319038e-09,Down
ITGB4,204990_s_at,0.6663497807997931,1.5870524199261753,1.4986201206350757e-06,7.234348385639383e-06,Up
REEP1,204365_s_at,-0.6663398530573561,0.6301032460269167,4.61043239606094e-28,6.381010253504715e-26,Down
SIK2,213221_s_at,-0.6661199078719209,0.6301993153527874,3.092493859806445e-19,1.2134504331307326e-17,Down
TXNIP,201010_s_at,-0.6659346426776906,0.6302802482541405,1.7549240935497336e-11,2.0261644340191043e-10,Down
FLAD1,212541_at,0.6656595311671403,1.5862932849034659,1.6041240762115638e-14,2.9722014576468507e-13,Up
DENR,221509_at,0.6655357122385652,1.5861571475348164,8.85883949047149e-11,8.985048719443616e-10,Up
KIT,205051_s_at,-0.6652403209060544,0.6305836544546928,0.00022794337569375636,0.0007411735357630196,Down
NEK3,213116_at,-0.6650940235756497,0.6306476023995159,9.802615106487016e-14,1.6180123882803717e-12,Down
LAMB1,201505_at,-0.6650886282276556,0.6306499608810678,3.946291481821876e-05,0.00014731984099419814,Down
FAM184A,220150_s_at,-0.6648377067339908,0.6307596565463192,4.190324005437859e-17,1.1759822394606022e-15,Down
CBX3,200037_s_at,0.6646854739282162,1.5852226366247861,4.462705205228141e-16,1.0523011649534248e-14,Up
SNRNP25,218493_at,0.664167896730472,1.5846540286315853,7.567711002645356e-16,1.7295518386866304e-14,Up
UAP1,209340_at,0.6638525445408217,1.5843076841226167,3.0837671918788284e-09,2.3951057628663624e-08,Up
GSN,200696_s_at,-0.6635995115510163,0.6313012393416078,2.379486595921713e-09,1.8895972849937112e-08,Down
TMEM243,204215_at,-0.6635582757220302,0.6313192837662733,3.337669861180531e-08,2.165792006892422e-07,Down
SLC39A6,202088_at,0.6635496655619306,1.5839751099379202,8.521976327513678e-08,5.158793765443827e-07,Up
YIF1A,202418_at,0.6627970568810735,1.5831490153758503,2.347774878867322e-12,3.110313176325834e-11,Up
STARD8,206868_at,-0.6626624369405327,0.6317114220283624,1.811510663095975e-23,1.2497180218503905e-21,Down
OLFML3,218162_at,-0.6621014348296974,0.6319571152233097,2.0502262739417112e-09,1.6498805367368418e-08,Down
PPM1F,37384_at,-0.661419617092891,0.6322558487676404,1.2964953387163338e-28,1.9006451074089518e-26,Down
PLEKHA1,219024_at,-0.6614115701228016,0.632259375332818,8.476797987102541e-09,6.110918458317888e-08,Down
RBMS3,206767_at,-0.6610911660809311,0.6323998076142964,2.6566024594267186e-18,8.875123328846412e-17,Down
ELMO3,219411_at,0.6610883445823363,1.581275060883668,3.634869971593114e-12,4.662971075245213e-11,Up
SLC25A13,203775_at,0.6600563835548909,1.5801443778839186,7.306096276287561e-12,8.91575812291981e-11,Up
EHD2,221870_at,-0.6599571933838853,0.6328970755762217,2.2924460071887986e-18,7.763309176016413e-17,Down
ABLIM3,205730_s_at,-0.6597556049137943,0.6329855167669991,6.67167927764457e-14,1.1288157125569777e-12,Down
CD163,215049_x_at,-0.6594281245981684,0.6331292157604437,4.357922637934442e-05,0.00016154980891880413,Down
PHACTR1,213638_at,-0.6586031837885278,0.6334913459867324,9.87980195255232e-12,1.1848849672159492e-10,Down
SFRP4,204051_s_at,0.6584786572392662,1.5784172819930966,4.7346550536330225e-05,0.00017441282618631945,Up
ANXA1,201012_at,-0.6579051742156938,0.6337979180603612,1.9408046537996575e-05,7.681518667960528e-05,Down
DEPTOR,218858_at,0.657674156084445,1.5775373423654875,9.079081961960353e-07,4.561650132093857e-06,Up
TGFB1I1,209651_at,-0.657308578022521,0.6340600660592774,1.4187597134261704e-09,1.1743767717041366e-08,Down
SLC50A1,219125_s_at,0.6570011812276562,1.576801639141422,1.6060450079629722e-18,5.5398608223589644e-17,Up
CCNE1,213523_at,0.6565332105657955,1.576290250925637,2.1249613843118315e-13,3.3334403821153945e-12,Up
ANGPTL4,221009_s_at,0.6562626788775505,1.575994695405693,5.145198875656983e-06,2.241894144432236e-05,Up
PDCD6,203415_at,0.6562494125295562,1.5759802033631298,6.081986242902137e-10,5.350371079770561e-09,Up
TMEM14A,218477_at,0.6562164253092853,1.5759441689897533,4.622520632687297e-09,3.4952028251839515e-08,Up
ARHGAP25,204882_at,-0.6560679048233631,0.6346055726684525,5.446254587875615e-14,9.349683434640395e-13,Down
MDH2,209036_s_at,0.6560586053698128,1.575771782031307,1.1075503291577175e-10,1.110190912488593e-09,Up
SRPRB,218140_x_at,0.6557098008606612,1.5753908492290352,2.5895323184075774e-15,5.3726767831541944e-14,Up
AK2,208967_s_at,0.6556368580066856,1.5753111992708382,7.263414235462205e-22,4.016145394759412e-20,Up
PTPRC,212587_s_at,-0.6550649668613637,0.6350468934498521,3.6661180259151695e-05,0.00013776072170567911,Down
THEMIS2,210785_s_at,-0.6549849254957802,0.6350821271126725,5.96109246247656e-11,6.242059367545357e-10,Down
TFF1,205009_at,0.6544321744560184,1.5739963272274782,0.0002996684420961938,0.0009536577970907579,Up
CD37,204192_at,-0.6536284003793078,0.6356795576043943,1.8492067289511485e-07,1.0571029641154038e-06,Down
BTG1,200920_s_at,-0.6536184768937403,0.6356839301006127,3.189859661146086e-12,4.1229491200300596e-11,Down
HPS5,204544_at,-0.6535473546066122,0.6357152689547394,8.509575290302794e-15,1.6403016106731589e-13,Down
THY1,208851_s_at,0.6532100039602415,1.572663490262564,9.656865870175973e-08,5.78606997002235e-07,Up
ARHGEF3,218501_at,-0.652643172146373,0.6361138166316133,3.4777881975235835e-13,5.304281615702807e-12,Down
TIMELESS,203046_s_at,0.6525749385735429,1.5719713659181536,2.0089828160732027e-12,2.6870446632988702e-11,Up
PSMB2,200039_s_at,0.6524956144071083,1.571884936085994,6.921159857576775e-17,1.8693843043197972e-15,Up
ATP6V1C1,202874_s_at,0.6522142820422232,1.571578440964735,1.175853930657418e-08,8.278531796789651e-08,Up
CYP3A5,214235_at,-0.6519069331646747,0.6364385223356298,1.259155817656744e-05,5.140020140112659e-05,Down
TRHDE,219937_at,-0.6515632312125259,0.6365901629907295,4.397065223337809e-14,7.702814809090912e-13,Down
BTN3A3,204821_at,-0.6511923603085874,0.6367538310640626,1.1673818033904615e-10,1.1664918710739754e-09,Down
PPM1D,204566_at,-0.6508072447895792,0.6369238299261389,5.73535637152631e-13,8.40242906158585e-12,Down
GLRX3,209080_x_at,0.650756037711826,1.5699907266843791,2.1435988322266906e-14,3.892894276976964e-13,Up
KAT6B,212462_at,-0.6505658918462363,0.6370303918091663,1.4718750475827377e-13,2.3732121335228758e-12,Down
NEK7,212530_at,-0.6496581707343427,0.637431327467062,2.9329572874166625e-11,3.2612595360393017e-10,Down
TMED9,205812_s_at,0.6493668794074594,1.5684797240714723,6.6966369237467235e-12,8.21702426056433e-11,Up
GALNT6,219956_at,0.6490632462966186,1.5681496527449863,5.7809492085865175e-08,3.6113510292944595e-07,Up
MZB1,221286_s_at,0.6481053337174494,1.5671087871070573,1.0400754636235403e-05,4.310210443727608e-05,Up
COBL,213050_at,-0.6479088981189314,0.6382046838609026,3.59511564335455e-07,1.9453609004582187e-06,Down
TNFRSF12A,218368_s_at,0.6479001364999988,1.5668859101399681,4.62744584549161e-08,2.935194300458e-07,Up
FASTKD3,219200_at,0.6474676255211111,1.566416237918657,9.101452027226898e-08,5.476847300099837e-07,Up
NUDT1,204766_s_at,0.6473729552941583,1.5663134524296052,8.188413401080117e-15,1.585251223425441e-13,Up
SCRN1,201462_at,0.6468355369707943,1.5657300936725294,1.6139518946492529e-12,2.1875723885930233e-11,Up
ITPKB,203723_at,-0.6466227020573525,0.6387739118284076,1.69808573288651e-13,2.7008168726559673e-12,Down
FLT1,222033_s_at,-0.6459231944634052,0.6390837039408667,3.6281584140777255e-14,6.421465761786652e-13,Down
LINC01140,215039_at,-0.6452950959581312,0.6393619990065782,1.8581838916213557e-17,5.491500219761097e-16,Down
STXBP1,202260_s_at,-0.645232518419073,0.6393897322191165,9.95496354293533e-09,7.073547596531503e-08,Down
CAST,212586_at,-0.6450588652019782,0.639466698427089,1.955022834755276e-09,1.582410963561635e-08,Down
ACP6,218795_at,0.6448625451136536,1.5635903058000789,1.2589055378682217e-14,2.367273594963509e-13,Up
RTCA,203594_at,0.6448535295197049,1.5635805347460074,3.2331359112570816e-07,1.7670828430351128e-06,Up
GLB1L2,213713_s_at,0.644353589048908,1.5630387974137998,2.0907427636222317e-11,2.384238536427543e-10,Up
MTX1,210386_s_at,0.6443077627684737,1.5629891492798358,8.355699824362262e-17,2.224114432159059e-15,Up
CHCHD2,217720_at,0.6442596153835289,1.562936988163048,8.558108896722211e-13,1.2224380804209039e-11,Up
PTRH2,218732_at,0.6435290322146425,1.562145714640042,4.087641853423742e-19,1.5650330484508804e-17,Up
RNF38,218528_s_at,-0.6434398330024607,0.6401847284293022,2.9329821434379394e-11,3.2612595360393017e-10,Down
EIF6,210213_s_at,0.6433533070014086,1.5619554515118865,3.823855586350801e-12,4.891330311748272e-11,Up
FCER1G,204232_at,-0.6430433903356843,0.640360670958901,1.3055809236400244e-06,6.378185399632093e-06,Down
ARHGEF26,222121_at,-0.6428953498223082,0.6404263842134811,3.128672263975902e-22,1.8250315198475137e-20,Down
RGL1,209568_s_at,-0.6424076950661508,0.6406428955008862,4.74879443873258e-14,8.273446949044416e-13,Down
IGLL3P,215946_x_at,0.6414633447061924,1.559910595146588,1.221937357035567e-06,6.005388206180753e-06,Up
JUND,203752_s_at,-0.6408562199120347,0.6413322138537969,4.4244738909114447e-16,1.0454989577007393e-14,Down
LEPREL4,204078_at,0.6407198197850077,1.559106867714182,6.740101491435302e-15,1.323257106023373e-13,Up
HLA-DMA,217478_s_at,-0.6405401247061953,0.6414727454576878,4.151918491498824e-07,2.22300032394718e-06,Down
TSTA3,201644_at,0.6401850825066848,1.5585290892855772,4.849413646270098e-20,2.1146670113470958e-18,Up
STT3A,202223_at,0.639575026249469,1.5578701909048902,1.5751478703333018e-09,1.2970813006148176e-08,Up
MICAL1,218376_s_at,-0.6387861030703696,0.642253119202625,1.2207835289340013e-10,1.2165795784989424e-09,Down
CORO2B,209789_at,-0.6383266081949337,0.6424577078439261,5.203829104896112e-22,2.943069135644672e-20,Down
HSPB11,215691_x_at,0.6371002938617156,1.5552001830472424,1.6372274104691663e-11,1.902103148461128e-10,Up
CBX1,201518_at,0.6370869819208327,1.555185833072509,1.0778688392613192e-09,9.115047948865266e-09,Up
PTN,209466_x_at,-0.636690243257215,0.6431868236128433,6.327852518745786e-10,5.551320380913872e-09,Down
MTCH2,217772_s_at,0.6366143481425102,1.5546764302199454,1.657344599787132e-11,1.924471585047247e-10,Up
GAS1,204457_s_at,-0.6365184779567237,0.6432634051160651,3.7276398792250927e-06,1.6685726242620834e-05,Down
LPHN3,209866_s_at,-0.6364656196706564,0.6432869738003795,2.5197077615984662e-11,2.838556524352812e-10,Down
PPM1H,212686_at,0.6362113554352602,1.5542422180340625,2.001442118062688e-06,9.462791155695073e-06,Up
SLCO1B3,206354_at,0.635821957324068,1.5538227688110144,0.00020766954876421198,0.0006808151471403465,Up
FNBP1,212288_at,-0.6355552735886683,0.643693018432629,2.399262762298413e-13,3.743891605903049e-12,Down
PDE4B,203708_at,-0.6354391149078111,0.6437448475024856,1.5085913734729372e-06,7.280905690945951e-06,Down
DAP3,208822_s_at,0.6353930917660158,1.5533609372989792,9.332624408373657e-17,2.463967650376661e-15,Up
BZW1,200777_s_at,0.6347857827589749,1.5527071805925514,5.2081840290623115e-11,5.536925797690624e-10,Up
AHCYL2,212814_at,-0.6346481254313829,0.6440978916315497,9.457886797256457e-09,6.750483392160975e-08,Down
IGLV1-44,215379_x_at,0.6337002025897274,1.551539259402972,1.1305188390054075e-05,4.651283472961133e-05,Up
CRISPLD2,221541_at,-0.633687035531322,0.6445271176288889,6.379102619331334e-07,3.292692695542278e-06,Down
ZMIZ1,212124_at,-0.6329246406080227,0.6448678092149884,6.891841817943503e-17,1.8637246508402317e-15,Down
HPGDS,206726_at,-0.6328570017614377,0.6448980436970402,5.154517906298042e-10,4.5888183182596586e-09,Down
ROBO4,220758_s_at,-0.6318548227843062,0.6453461826142506,6.926626958962628e-19,2.534417545592188e-17,Down
HIST1H4J,214463_x_at,0.6314019514722045,1.549069584235683,2.2174345154744126e-16,5.526967931579009e-15,Up
KIF18B,222039_at,0.6313929406270224,1.5490599090221326,7.41278334912286e-13,1.0677378886134758e-11,Up
ETV5,203349_s_at,-0.6313197307614402,0.6455855843114388,8.200130120495482e-08,4.974775373672769e-07,Down
PDLIM3,209621_s_at,-0.63127907359641,0.6456037780729408,2.0536145671933796e-05,8.10067151721899e-05,Down
CASK,211208_s_at,0.6312427015707271,1.5488986017640183,2.2092688208653661e-10,2.111932095038308e-09,Up
STX12,212112_s_at,-0.6311537151453201,0.6456598782213477,1.461252460830569e-20,6.898535717094824e-19,Down
CTSO,203758_at,-0.6309582239299836,0.6457473737646343,3.038259257276341e-11,3.366560468915401e-10,Down
ST6GALNAC2,204542_at,-0.6306933770432783,0.645865929575655,3.4379901103675e-11,3.775689188236521e-10,Down
SULT1A2,207122_x_at,-0.6306387321323026,0.6458903934808001,7.2742039348377734e-12,8.881703357807677e-11,Down
PFDN2,218336_at,0.6306199604876834,1.5482301620605121,2.8203180680508267e-10,2.6339123013569393e-09,Up
GMPS,214431_at,0.6304950588997187,1.5480961295520896,1.0911084033097649e-13,1.793006530306157e-12,Up
PTX3,206157_at,-0.6304456035992256,0.6459768623535022,2.9753810624378194e-05,0.00011374235068502646,Down
UBFD1,205687_at,0.6302150566062616,1.547795699875254,7.786326281112298e-16,1.7740563243560872e-14,Up
PRPS2,203401_at,0.6298550205795221,1.5474094833365055,3.414987240138491e-10,3.1379860070930305e-09,Up
SLBP,206052_s_at,0.629218864938073,1.5467273043294358,1.5368689137753104e-08,1.0586105102211821e-07,Up
HSD17B11,217989_at,-0.6288932644271625,0.6466723072296556,3.2394161848275433e-06,1.467630152855013e-05,Down
ALG8,203545_at,0.6287764104831037,1.5462530173620062,4.0250236838734003e-16,9.5719960243064e-15,Up
DUS4L,205761_s_at,0.6282720642645998,1.5457125631813884,9.593968464924317e-18,2.9650818211360414e-16,Up
COL6A3,201438_at,0.628131918532727,1.545562417453441,6.007598653065492e-07,3.1153670185305648e-06,Up
QPRT,204044_at,0.628053857620336,1.5454787928861489,1.4708931150856058e-07,8.542067053284481e-07,Up
HLA-DRA,210982_s_at,-0.6276765768599528,0.6472179041838415,1.438010502233102e-06,6.971973024643214e-06,Down
DTYMK,203270_at,0.6276058337403256,1.5449989243873987,1.2577678950055504e-18,4.434626899431753e-17,Up
CDC6,203968_s_at,0.6274428415000006,1.5448243839584008,3.032498335305014e-11,3.3618487763980907e-10,Up
U2SURP,212058_at,0.6271969465650944,1.5445611043947405,2.8755066363671735e-10,2.679837489676693e-09,Up
ATXN7,209964_s_at,-0.6267382811178752,0.6476389767670054,1.0963031506348104e-10,1.10040194169349e-09,Down
NOP16,214011_s_at,0.6266497195080909,1.543975349732087,1.947028486966987e-11,2.2283326027265216e-10,Up
FGFR1,211535_s_at,-0.626362387010909,0.647807741048631,1.3228401887982684e-08,9.228819012834005e-08,Down
RIT1,209882_at,0.6249864366030975,1.5421963264884797,1.7090521761227312e-08,1.1685427935115931e-07,Up
SSBP1,202591_s_at,0.6249812897818448,1.5421908247057425,2.402238074695886e-07,1.3476603982489533e-06,Up
LCAT,204428_s_at,-0.6246040858782553,0.6485977454808158,5.538884863486441e-13,8.167771044086694e-12,Down
B3GNT1,203188_at,-0.6233003689869854,0.649184127212756,2.8927405879755526e-18,9.577851191955311e-17,Down
INTS8,218905_at,0.6231473772413807,1.5402316814469008,1.659245284817736e-13,2.648493028767451e-12,Up
RAPGEF4,205651_x_at,-0.6224340553286405,0.6495740682252008,1.0310566178801603e-12,1.4587323565856263e-11,Down
POLR2K,202635_s_at,0.6207226172938078,1.5376451643622293,9.526005906920926e-08,5.7168863351446e-07,Up
NR3C1,201865_x_at,-0.6206689937195637,0.6503692743279054,2.722707483487122e-15,5.6228073081133956e-14,Down
SH3BGRL,201312_s_at,-0.6205879123015485,0.6504058269903589,7.892588311921405e-11,8.063757237714107e-10,Down
TRIM2,202341_s_at,0.6202527857779749,1.5371444926915956,5.050236314810177e-09,3.795427177164087e-08,Up
KANSL1L,215046_at,-0.6199782759194195,0.6506807255879374,2.958353108671207e-18,9.78056117515141e-17,Down
CASP1,209970_x_at,-0.6193088831981033,0.6509827034781682,6.783164618467548e-13,9.827650012569074e-12,Down
MSMO1,209146_at,-0.6187828470112624,0.6512201083955791,9.086456339437366e-07,4.5643261183878e-06,Down
ZNHIT6,218932_at,0.6184989450559497,1.5352769680045868,9.978260788385369e-09,7.087841413694332e-08,Up
COL4A2,211964_at,-0.6183698935341315,0.6514065387167521,1.1626874086834824e-07,6.874015263383933e-07,Down
MINK1,214246_x_at,-0.6179025893969108,0.6516175703396797,1.3876185147941584e-16,3.558147682987138e-15,Down
MYO1F,213733_at,-0.6175448578768492,0.651779165853658,5.234385169222426e-14,9.02071188907837e-13,Down
C1orf112,220840_s_at,0.6174184647927543,1.5341275806477401,1.823155721566267e-15,3.902534000351693e-14,Up
IFNGR1,202727_s_at,-0.6172236422480637,0.6519243004507419,3.6779604714092124e-10,3.3588521796889954e-09,Down
IARS,204744_s_at,0.617210325360313,1.5339062660925622,1.2020254152762932e-13,1.962251452644809e-12,Up
HIST1H2AC,215071_s_at,0.6159074786935239,1.5325216750884416,3.355753061941398e-05,0.00012721375549377368,Up
ENO2,201313_at,0.6155164970510221,1.532106405998472,1.3010828193390642e-07,7.631489461261482e-07,Up
ST6GALNAC5,220979_s_at,-0.6153593813377913,0.6527672662475213,4.6197261634744133e-07,2.454491132587038e-06,Down
CDK16,208824_x_at,0.6142322595499579,1.5307431844121673,2.6718819190558434e-12,3.493987371028249e-11,Up
NR2F2,209121_x_at,-0.6138528533198446,0.6534492716531197,5.670003844116961e-11,5.981228201000737e-10,Down
RIN3,60471_at,-0.6138462021755791,0.6534522842062035,1.1542419010512832e-13,1.889784884726359e-12,Down
SNRPD2,200826_at,0.6136795942329343,1.5301569020558714,1.7347180952067893e-14,3.2025454279612996e-13,Up
HELLS,220085_at,0.6134206478603073,1.5298822819794804,8.742237708322608e-10,7.498201803485476e-09,Up
ARNTL2,220658_s_at,0.6132163765179479,1.5296656811211293,1.4103822716410842e-10,1.397400985281382e-09,Up
AIMP2,209971_x_at,0.612629021847992,1.5290430454362318,1.2469052617773242e-15,2.7536957332194367e-14,Up
PTK6,206482_at,0.6124508806773408,1.5288542538383916,1.5966251953756256e-08,1.0967200748629798e-07,Up
STAC,205743_at,-0.6121863556298397,0.65420452544138,1.6115734773478657e-12,2.1856781372941264e-11,Down
BACE2,217867_x_at,0.6121577713891639,1.528543671317126,4.592560854991552e-05,0.0001694866404964835,Up
RRAD,204803_s_at,-0.6121535562779723,0.6542193988052805,7.368064468763618e-06,3.1160102592040176e-05,Down
TFRC,208691_at,-0.6118910847790282,0.6543384326706507,1.124491829840137e-07,6.660566572123278e-07,Down
NFYA,204108_at,0.6115106042241383,1.5278581477618343,6.590711581524043e-13,9.598746808568644e-12,Up
SLC35B1,202433_at,0.6114654313757892,1.527810309083568,2.3366959395058337e-15,4.907501943450376e-14,Up
BICD2,213154_s_at,-0.6110382553532752,0.6547253502277547,4.965410455893568e-14,8.610446785111003e-13,Down
PTS,209694_at,0.6105588105221642,1.526850501562903,2.3438957388656363e-10,2.229151888567775e-09,Up
PSMB5,208799_at,0.610378670842012,1.5266598658552089,1.0050167853266238e-12,1.4236992388705121e-11,Up
HOXC6,206858_s_at,0.6103271892920494,1.5266053890519697,5.361081927026614e-05,0.00019606267615285416,Up
CDCA8,221520_s_at,0.6103032059363134,1.526580010981934,3.326200772974061e-14,5.905795364476574e-13,Up
ICT1,204868_at,0.6102690349088684,1.5265438535209306,4.572131559591738e-16,1.0746920626833619e-14,Up
CIRBP,200811_at,-0.6101220933237119,0.6551412558675319,1.1112121044737622e-13,1.8233534111921094e-12,Down
TXNRD1,201266_at,0.6096483392329279,1.5258872245424084,0.00011144564269885684,0.0003842400210828759,Up
ZNF593,204175_at,0.6093217233831769,1.5255418136774062,2.633351255192359e-14,4.728361484242654e-13,Up
SLC7A1,212295_s_at,0.6091588299627055,1.5253695758249224,2.8090022705668226e-11,3.134351406862319e-10,Up
RAPGEF2,203097_s_at,-0.6084806847589661,0.6558870589691843,5.4274449069601355e-11,5.75082048795971e-10,Down
BEAN1,214068_at,0.6084802257037287,1.5246522524454784,1.7064640532527866e-08,1.1671313228554895e-07,Up
AURKB,209464_at,0.6083158519342025,1.5244785507589977,2.132984786123511e-11,2.4274412660464855e-10,Up
ABCA6,217504_at,-0.6082536586600984,0.6559902791180041,6.758100713575372e-19,2.4809021120362442e-17,Down
ABCE1,201872_s_at,0.6081423366227972,1.5242952102355634,5.47483569375583e-10,4.843023571415687e-09,Up
DDOST,208675_s_at,0.6081318054581271,1.5242840834590647,1.5822336117303425e-14,2.938075964182269e-13,Up
RCN3,61734_at,0.607916837770234,1.524056975577778,5.0873177839529865e-08,3.204995820747085e-07,Up
PCF11,203378_at,-0.6076020918726259,0.6562866120225569,5.1595597307422676e-11,5.490471321878221e-10,Down
MITF,207233_s_at,-0.6072403063930327,0.656451210037586,3.999717215044851e-14,7.04467708087911e-13,Down
STAP2,221610_s_at,0.6071262305457452,1.5232220102342224,6.745476385512475e-13,9.779404703863012e-12,Up
MT1X,208581_x_at,-0.6060921566924726,0.6569738459593917,1.0274964693545543e-05,4.2636319975097826e-05,Down
PDGFRA,203131_at,-0.6059752622543986,0.6570270794548179,1.0619554217646891e-05,4.395978573877497e-05,Down
DDX39A,201584_s_at,0.6059217505260399,1.5219508304193232,5.8560100745701365e-09,4.355456358199144e-08,Up
GIPC2,219970_at,-0.6056837673441269,0.6571598444492565,1.4052647168976287e-16,3.599254446739065e-15,Down
EVL,217838_s_at,-0.6049655305520769,0.6574870888598195,1.3390915477712942e-08,9.330511869602172e-08,Down
NOL11,221970_s_at,0.6047488553061271,1.5207140039444569,1.2230465698824948e-12,1.706521397413377e-11,Up
PPP2R5A,202187_s_at,-0.6046186553553881,0.6576451911451854,9.016369587158788e-15,1.727530210753734e-13,Down
ABCB1,209993_at,-0.6044514563247674,0.6577214123889488,3.573705305800347e-08,2.3088685221556723e-07,Down
C5orf28,219029_at,0.6043220047339881,1.5202641364350995,6.155190313705535e-10,5.410497268650904e-09,Up
CIAO1,203536_s_at,0.6040551863680488,1.519982998097757,1.254068000627406e-15,2.7656924576395938e-14,Up
PPP1R12B,201957_at,-0.6040541987748043,0.6579025461463699,2.8504955857890184e-12,3.712308190422951e-11,Down
RCN1,201063_at,0.6040515161055584,1.5199791312171416,6.05588973133058e-10,5.3316235038814426e-09,Up
TMEM70,219449_s_at,0.6039762301322984,1.5198998143003755,3.4948275842598685e-08,2.2618426680238936e-07,Up
ITGA2,205032_at,0.6039394364581279,1.51986105213384,3.6239900422938996e-08,2.3386437912665788e-07,Up
DNAAF2,219166_at,0.6026068747441933,1.5184578632897607,2.421886451034343e-08,1.6133601132555534e-07,Up
SDC2,212158_at,-0.6025898227118223,0.6585706747709628,7.709786565382102e-07,3.925895201928916e-06,Down
CYP27B1,205676_at,0.6024789398567894,1.5183232158992275,7.269744095214012e-09,5.3042471405911536e-08,Up
LSM2,209449_at,0.6019565544356071,1.5177735457945525,2.160813279560455e-10,2.068273295036324e-09,Up
ITIH3,205755_at,-0.6014976161083743,0.6590694410125811,3.5217537877072097e-19,1.3699125365126661e-17,Down
SLC11A1,210423_s_at,-0.6013291593916277,0.6591464019455303,1.263824313361567e-13,2.057107171266311e-12,Down
RUFY3,213939_s_at,-0.6008485575316644,0.6593660185304098,3.4632303952287554e-08,2.2420442445346413e-07,Down
SPATS2L,222154_s_at,0.6008027001703056,1.5165601297336408,3.163747937978574e-10,2.9264340100446893e-09,Up
TIMM17A,215171_s_at,0.600137285779029,1.5158608078259266,1.447658272316558e-12,1.988789721456835e-11,Up
HDGF,200896_x_at,0.6000937562104163,1.5158150713606846,2.141332173656828e-16,5.367300880269414e-15,Up
HEBP1,218450_at,-0.5997259854436994,0.6598792759507482,2.4605337344930195e-11,2.7775113072800384e-10,Down
LIFR,205876_at,-0.5996798106544681,0.6599003963353296,4.407832087302471e-07,2.3480689075152035e-06,Down
RPAP3,218842_at,0.5989428365840936,1.5146063019566334,6.03134680735954e-08,3.7488563712243416e-07,Up
PAK6,219461_at,0.5984916868001378,1.5141327386206709,4.002405952696205e-14,7.04467708087911e-13,Up
LRPPRC,211971_s_at,0.5983853395337828,1.5140211294875199,5.043983824875473e-11,5.380329898022985e-10,Up
CFTR,205043_at,-0.5983655871822684,0.6605018066815103,2.1523873525405345e-07,1.215449756124195e-06,Down
MAPK13,210058_at,0.5981902934820553,1.513816454296869,8.424353451263451e-12,1.0207714407531457e-10,Up
DNAJC9,213088_s_at,0.5979806122568636,1.5135964522769332,2.156847547401461e-11,2.449593980568132e-10,Up
TSFM,212656_at,0.5979582331871907,1.5135729735674446,6.639413585347073e-12,8.164793207631834e-11,Up
MYLIP,220319_s_at,-0.5973337366428595,0.6609743825974004,1.2378199393417127e-08,8.68188281660415e-08,Down
BLNK,207655_s_at,0.5973018589081631,1.5128845090071719,1.8302769080495847e-07,1.047356454598585e-06,Up
CENPE,205046_at,0.5967628486178747,1.5123193805630044,7.547526960949365e-11,7.746731610816891e-10,Up
GANAB,211934_x_at,0.596508097455315,1.5120523587071188,1.8924241703002414e-11,2.1691814705144175e-10,Up
PRKCDBP,213010_at,-0.5961517655840982,0.661516127518089,1.4533870202831631e-12,1.9942009219808944e-11,Down
GADD45A,203725_at,0.5956141484275168,1.5111157234498929,4.366215664272627e-05,0.00016183031212073677,Up
PDXK,218019_s_at,-0.5954139060809336,0.6618545433220977,8.230376057498026e-09,5.9486691433418275e-08,Down
CAD,202715_at,0.5945647246973955,1.5100169298488324,2.1508545309052408e-18,7.317174276665875e-17,Up
AP1S2,203300_x_at,-0.5943469167505313,0.6623442191879193,2.1118943225093456e-11,2.405498678776927e-10,Down
TCF3,213811_x_at,0.5942995411389909,1.5097393972784028,1.8110676979160317e-17,5.366492222428582e-16,Up
ACACB,221928_at,-0.5941092309229399,0.6624533502229057,1.0732756648912899e-23,7.520692339865601e-22,Down
RBBP4,217301_x_at,0.5939366451907091,1.5093596847308812,1.219767579205428e-12,1.7030125919445207e-11,Up
BDNF,206382_s_at,-0.5939361513698076,0.6625328292566156,2.0187407032934237e-11,2.3073834653151926e-10,Down
LOC100293211,217384_x_at,0.593788624524632,1.5092048322092675,4.5688982881864964e-07,2.4298033545503504e-06,Up
SYNGR3,205691_at,0.5937744097874731,1.5091899622307106,3.709769498777851e-08,2.3884655805046766e-07,Up
PILRA,222218_s_at,-0.5933343946664351,0.6628092332908131,3.1265346357172903e-12,4.043759241796467e-11,Down
MVB12B,52975_at,-0.5930830941344087,0.6629246969306348,5.987760326177209e-21,2.938882452603673e-19,Down
CALCOCO1,209002_s_at,-0.5929516581988032,0.6629850950705676,6.6173161918500366e-21,3.226557039452831e-19,Down
RABGAP1L,203020_at,-0.5927483896344139,0.6630785129578575,1.4252006375282533e-07,8.31137027114422e-07,Down
CPVL,208146_s_at,-0.5926951521347643,0.6631029819498694,4.7336252954342777e-07,2.5108158166665556e-06,Down
ACOT13,204565_at,0.5924074341685408,1.5077606589070052,3.410466143613738e-08,2.2104542489280082e-07,Up
MCM10,220651_s_at,0.5923871280538346,1.507739437134867,6.7967700351071134e-09,5.0100041909458086e-08,Up
MSH2,209421_at,0.59234308019282,1.5076934040638044,1.2070722983212509e-08,8.48224283301559e-08,Up
F3,204363_at,-0.5923116204472194,0.6632792872717255,9.707372882095191e-05,0.00033845377476047535,Down
ADIPOR2,201346_at,-0.5922198281460229,0.6633214901401888,7.781447685375663e-15,1.5156818074582684e-13,Down
COPG1,217749_at,0.5919450962378612,1.5072775469278386,7.420108578014256e-08,4.5361393537418843e-07,Up
ZWILCH,218349_s_at,0.5913424751164715,1.5066480808370486,2.7826798117778608e-08,1.8345104806463336e-07,Up
RER1,202296_s_at,0.5912059723557377,1.5065055338070283,4.599936738781105e-16,1.0800884125422482e-14,Up
SOX18,219568_x_at,-0.5909278895306125,0.663915762975377,7.517852620435699e-12,9.164130740764151e-11,Down
OSTM1,218196_at,-0.5902986428128072,0.6642054000246947,4.427031388715463e-09,3.358785850689365e-08,Down
LTBP4,213176_s_at,-0.5902394984665733,0.6642326301726368,1.1463582938754518e-09,9.65393116493828e-09,Down
QDPR,209123_at,-0.5901119962033761,0.6642913362080477,6.25129718059259e-11,6.506195939988075e-10,Down
CD81,200675_at,-0.5900694761435616,0.6643109149289772,1.5463384060202312e-14,2.8762152505299506e-13,Down
SLC39A14,212110_at,0.5890496090109085,1.504255476348711,2.4897343699283475e-07,1.3894002245207454e-06,Up
TWIST1,213943_at,0.5888255506062618,1.5040218754130619,2.6954099974961683e-08,1.7811927928293927e-07,Up
GTPBP4,218239_s_at,0.5885482862033804,1.5037328526838998,4.3232475212162016e-08,2.754000129081207e-07,Up
PSMD3,201388_at,0.5871933048761404,1.502321207566442,1.1023680682297854e-12,1.5517414822719083e-11,Up
NFATC1,211105_s_at,-0.5871019824570745,0.6656787488880257,1.4521442968021924e-15,3.162884949978775e-14,Down
CXorf57,219355_at,-0.5868765227449,0.6657827871378168,1.041519480872811e-10,1.0473004779913738e-09,Down
ADSS,221761_at,0.5866767319507389,1.5017833811252916,3.740184580823086e-10,3.414278288180288e-09,Up
HOOK1,219976_at,0.5865601227765653,1.5016620009044006,1.0606458861910929e-12,1.4967936847369298e-11,Up
CENPM,218741_at,0.5863354132477134,1.501428125086289,5.354331496818775e-12,6.695318111313847e-11,Up
MKNK2,218205_s_at,-0.5862531497758656,0.6660705268604252,5.7335280236455254e-11,6.034964806371905e-10,Down
DOCK6,221794_at,-0.5862178219510863,0.6660868373836496,2.7859949137457235e-16,6.807053142872364e-15,Down
GSTM5,205752_s_at,-0.5859422597420814,0.666214075563275,9.07192766040073e-25,7.431976619731965e-23,Down
NOX4,219773_at,0.5857641642529936,1.5008337378457184,3.6373961747412675e-10,3.3231692891250375e-09,Up
WDR45B,209076_s_at,0.5856026962424412,1.5006657722880872,3.9031262155738016e-11,4.234340869602289e-10,Up
CDC7,204510_at,0.5852986873986632,1.5003495810007812,2.995222900534098e-10,2.7797814199334155e-09,Up
NDUFS6,203606_at,0.585291952121743,1.5003425765777878,1.6608528758937406e-08,1.1390823217463904e-07,Up
